lane,class,method,signature,category,name_scope_only,generated_name_kind,binding,r10_check_required,loader,constant_pool_sha256,method_sha256,first_sequence,stack_occurrences,catch_occurrences
oracle,com.zaxxer.hikari.pool.HikariProxyConnection,rollback,(Ljava/sql/Savepoint;)V,other dependency,other dependency,,UNBOUND,False,6309,2b8e055d58e7097ffa8b518a791c77c90e3bd24eb22efd80acd63e16c527d844,96cbb1d135581d43320007f33c20e8c6fe930441606fb9205960de1dc60cd961,50,3,0
oracle,com.zaxxer.hikari.pool.HikariProxyResultSet,getString,(Ljava/lang/String;)Ljava/lang/String;,other dependency,other dependency,,UNBOUND,False,6309,24520a19e4caf1b033e6a29943ca37df6056a8be2f91059b79728c892088469c,78a29848e91a941cc3f7d8cd43e1709df2eaaecec66b893ccafc5a83d7c92a56,6,243,81
oracle,com.zaxxer.hikari.pool.ProxyConnection,rollback,(Ljava/sql/Savepoint;)V,other dependency,other dependency,,UNBOUND,False,6309,ebed1513c06057c91245d4f016364a8602b684b530120651d9424e56e91ceb87,6898d39c6f2bdefbb6f39fff8fee1c4220f53a52cf615aec8bd41522f8758573,50,3,0
oracle,java.lang.Class,getDeclaredMethod,(Ljava/lang/String;[Ljava/lang/Class;)Ljava/lang/reflect/Method;,JDK,JDK,,UNBOUND,False,bootstrap,bc8402a3697d93e8572eeeaa07a1ef28f5faedb00788ce3952089529be922280,442d6d28834659f7af97bd60d3cc81c011f676aead33a1b4a8ea52484df608f3,37,4,0
oracle,java.lang.invoke.DirectMethodHandle$Holder,invokeStatic,(Ljava/lang/Object;Ljava/lang/Object;Ljava/lang/Object;)Ljava/lang/Object;,JDK,JDK,,UNBOUND,False,bootstrap,a7a7d9b4b2bf71ac747bc03e66391217079e2819d785d39450653406b553e9fd,aab0a455661705dde31102bcd4abd78a8f5b1502cbd17a7ace74862a6fd9fd03,2,349,0
oracle,java.lang.invoke.DirectMethodHandle$Holder,newInvokeSpecial,(Ljava/lang/Object;Ljava/lang/Object;Ljava/lang/Object;Ljava/lang/Object;)Ljava/lang/Object;,JDK,JDK,,UNBOUND,False,bootstrap,a7a7d9b4b2bf71ac747bc03e66391217079e2819d785d39450653406b553e9fd,100c336fe7e2eb4da0745a2e611612af2def4a695a0881b3567bfa73d810890c,25,72,0
oracle,java.lang.invoke.Invokers$Holder,invokeExact_MT,(Ljava/lang/Object;Ljava/lang/Object;Ljava/lang/Object;)Ljava/lang/Object;,JDK,JDK,,UNBOUND,False,bootstrap,8ef374c298eff43697ea9107a587ad4acbf335011b53b3816c92293a1f15f545,1f09a07e8e6a7ca90e8ba3a8d9ba92a2fa81bb41276192f509d89eda549f52e2,2,348,0
oracle,java.lang.invoke.Invokers$Holder,invokeExact_MT,(Ljava/lang/Object;Ljava/lang/Object;Ljava/lang/Object;Ljava/lang/Object;)Ljava/lang/Object;,JDK,JDK,,UNBOUND,False,bootstrap,8ef374c298eff43697ea9107a587ad4acbf335011b53b3816c92293a1f15f545,e6d999882c838ad58bdecbe26d4093a643dd7fc2b69cb87acb4ac6c6088de2fb,2,349,0
oracle,java.lang.invoke.LambdaForm$DMH/0x000076e130000c00,invokeVirtual,(Ljava/lang/Object;Ljava/lang/Object;)V,generated/hidden,JDK,hidden-name,UNBOUND,False,bootstrap,82d303bc28d38c99368fc4a7a3a5495746e1dae64746e6e6a551c0dbf8befb3c,89a7d870e30632a79473852c533ede07f749a9b8bf5e2142235773c0dfe6fb53,2,348,0
oracle,java.lang.invoke.LambdaForm$DMH/0x000076e1301b8800,invokeVirtual,(Ljava/lang/Object;Ljava/lang/Object;Ljava/lang/Object;)Ljava/lang/Object;,generated/hidden,JDK,hidden-name,UNBOUND,False,bootstrap,f58ffeb19274e0525f9a7bb1dd0ad7a36cf920bc47ef77f9691905a6f593247d,0965955ec5f85a19d0a25fe9904023db6817b25cab1c5d890432f1b169bc0218,2,349,0
oracle,java.lang.invoke.LambdaForm$DMH/0x000076e130b20000,newInvokeSpecial,(Ljava/lang/Object;Ljava/lang/Object;ILjava/lang/Object;)Ljava/lang/Object;,generated/hidden,JDK,hidden-name,UNBOUND,False,bootstrap,e6a7496bf2955f16e4318233c408a6c16b1a11d4f69c8a0a773aca5f851a8972,de329b496599a9fce2e49f328aa7f962a6eeab443c79d0825a332e078fb01559,88,33,0
oracle,java.lang.invoke.LambdaForm$MH/0x000076e130001400,invoke,(Ljava/lang/Object;Ljava/lang/Object;Ljava/lang/Object;)Ljava/lang/Object;,generated/hidden,JDK,hidden-name,UNBOUND,False,bootstrap,3c8e7e09927bc886d35b082bb14d5b18450efff5788bf4a9ec98944443984788,6c8c53a0a31993be9780ed7629af054d7a95432e558c5874af26783653660e37,2,349,0
oracle,java.lang.invoke.LambdaForm$MH/0x000076e130006800,invoke,(Ljava/lang/Object;Ljava/lang/Object;Ljava/lang/Object;Ljava/lang/Object;)Ljava/lang/Object;,generated/hidden,JDK,hidden-name,UNBOUND,False,bootstrap,dbb98531121b67ecef6f8cb2ba0b8d56c08737a9de749cc786656e10c01a04e5,079e7acfef51d4b391085eb9ff1b63c649d13bc4ca610045f57d9380124dcd8b,2,349,0
oracle,java.lang.invoke.LambdaForm$MH/0x000076e130006c00,invokeExact_MT,(Ljava/lang/Object;Ljava/lang/Object;Ljava/lang/Object;Ljava/lang/Object;Ljava/lang/Object;)Ljava/lang/Object;,generated/hidden,JDK,hidden-name,UNBOUND,False,bootstrap,d9512585090c968e140723975880aa8407c68d853410016d7925e5d633c914cc,6e0f61d6e7c1a1b23d5e886f9466e1f74efbb3aab8cdf30a7bd40b9115bd4474,2,454,0
oracle,java.lang.invoke.LambdaForm$MH/0x000076e1300bc800,invoke,(Ljava/lang/Object;Ljava/lang/Object;)Ljava/lang/Object;,generated/hidden,JDK,hidden-name,UNBOUND,False,bootstrap,4cb96d5ffc9f088ddf300217e6c44810c4f0d3938a861fc0d0d2c35cbace7c01,07375eecc3c78b05dae27f75642b7be9ec9a9b38a06578b43f2ba254b9a0a0dc,2,348,0
oracle,java.lang.invoke.LambdaForm$MH/0x000076e1305bd800,invoke,(Ljava/lang/Object;Ljava/lang/Object;Ljava/lang/Object;Ljava/lang/Object;)Ljava/lang/Object;,generated/hidden,JDK,hidden-name,UNBOUND,False,bootstrap,411e18f72abefba54d91f1695f8e887d41802ae9a14e634bb7adedf699bfd25b,a9518c55a9d902e6e790741856c71ac3815920112688b4ee37af8fd975b1d55b,25,36,0
oracle,java.lang.invoke.LambdaForm$MH/0x000076e130b20c00,invoke,(Ljava/lang/Object;Ljava/lang/Object;Ljava/lang/Object;Ljava/lang/Object;)Ljava/lang/Object;,generated/hidden,JDK,hidden-name,UNBOUND,False,bootstrap,260874eefedffe98c91744888fe20cce1f4cdb16746879c58e366decc4dff843,e011b8a64d0fd478ef02d209e8af8226ba9a47cb12d9b9939dd361993b5a66a4,88,33,0
oracle,java.lang.invoke.LambdaForm$MH/0x000076e130b34c00,invoke,(Ljava/lang/Object;Ljava/lang/Object;Ljava/lang/Object;Ljava/lang/Object;)Ljava/lang/Object;,generated/hidden,JDK,hidden-name,UNBOUND,False,bootstrap,dba5f93d7786e9333c466e492632c3976c36e972eecf7ebd587abfbb8e7d46b0,859dd8808123ab18e1271b04388fee851fe45800f4addac51afcb73d9a3c6fad,94,36,0
oracle,java.lang.reflect.Constructor,newInstance,([Ljava/lang/Object;)Ljava/lang/Object;,JDK,JDK,,UNBOUND,False,bootstrap,c1e0c70740f150bae2d9919867938922fb3f757ba75f99dba179dcdbd3414668,a3320f3492f1d85244f4c64e31ecdd9b6640482a6ffc9024d7814330563fa926,25,105,0
oracle,java.lang.reflect.Constructor,newInstanceWithCaller,([Ljava/lang/Object;ZLjava/lang/Class;)Ljava/lang/Object;,JDK,JDK,,UNBOUND,False,bootstrap,c1e0c70740f150bae2d9919867938922fb3f757ba75f99dba179dcdbd3414668,53cc769c239da23adc064cd2c97e78d50daaaf92b6924b6b0ae1ed7218dde7b8,25,105,0
oracle,java.lang.reflect.Method,invoke,(Ljava/lang/Object;[Ljava/lang/Object;)Ljava/lang/Object;,JDK,JDK,,UNBOUND,False,bootstrap,da832d65b8ddd45b5056608fc3dc34d2552f9606a184573e449b5b6f716f841a,0013ad13f80d6a15f01e33edc8e272dc91d5c846c4eb687fbf8dac1816e66739,2,1046,0
oracle,java.security.AccessController,doPrivileged,(Ljava/security/PrivilegedAction;)Ljava/lang/Object;,JDK,JDK,,UNBOUND,False,bootstrap,cdbcd2d74adeca715c388a2ea58c019e6a82f5d5be9f36bff9268c5a8cfc5fa3,7bf99607655fc167421d9193f90404de637e97648d6bafce0488f832ddd5e688,37,4,0
oracle,java.security.AccessController,executePrivileged,(Ljava/security/PrivilegedAction;Ljava/security/AccessControlContext;Ljava/lang/Class;)Ljava/lang/Object;,JDK,JDK,,UNBOUND,False,bootstrap,cdbcd2d74adeca715c388a2ea58c019e6a82f5d5be9f36bff9268c5a8cfc5fa3,f3917a1f7c635edebb5abbb7f3bde163ac13a418fc5a020118e7e860722611e6,37,4,0
oracle,java.text.DateFormat,parse,(Ljava/lang/String;)Ljava/util/Date;,JDK,JDK,,UNBOUND,False,bootstrap,a9002d186bd2baae51647ba3480c1c4094182cb8c3a5dadda88fba2e97d817fd,2e88cb80874727eabb66e8f88df60f6208909f10867d38b71fe8f16be6ed23f6,2,8,0
oracle,java.util.ArrayList,forEach,(Ljava/util/function/Consumer;)V,JDK,JDK,,UNBOUND,False,bootstrap,f9bb8eb009bbbe2209b14b57a1bf3a75f3b6d293de4dcefc1700ae4f95425ba5,91317959e01aab78f2ba35099cf27e65cefb1cbfd8be67bcc3d468049ed0ba0d,2,699,0
oracle,jdk.internal.reflect.DirectConstructorHandleAccessor,invokeImpl,([Ljava/lang/Object;)Ljava/lang/Object;,JDK,JDK,,UNBOUND,False,bootstrap,94dbd5ef042333226a358ab83eb5e97742c763237d8194296faccdbc6628c261,ca19b959c1a607c3a2c43276171ee5538c4209ac0ece96b2b8fbc1b557af535a,25,105,0
oracle,jdk.internal.reflect.DirectConstructorHandleAccessor,newInstance,([Ljava/lang/Object;)Ljava/lang/Object;,JDK,JDK,,UNBOUND,False,bootstrap,94dbd5ef042333226a358ab83eb5e97742c763237d8194296faccdbc6628c261,0845fdb058989755a5eda888b7860077af7c9a172a0a54d3fcf1a01353ffe352,25,105,0
oracle,jdk.internal.reflect.DirectMethodHandleAccessor,invoke,(Ljava/lang/Object;[Ljava/lang/Object;)Ljava/lang/Object;,JDK,JDK,,UNBOUND,False,bootstrap,b1998f87a39244d6d5b19723e0926376f80b228782dff2c669251430a67c5880,4d711382c4650e5032e4f8d6a494fcc7eec9d60f4031493451ab1e0a8bfa26e9,2,1046,0
oracle,jdk.internal.reflect.DirectMethodHandleAccessor,invokeImpl,(Ljava/lang/Object;[Ljava/lang/Object;)Ljava/lang/Object;,JDK,JDK,,UNBOUND,False,bootstrap,b1998f87a39244d6d5b19723e0926376f80b228782dff2c669251430a67c5880,76c166c3b1a6234e34b1da64ae325200a553ba7bda80684aaad667c0bdaf6679,2,1046,0
oracle,oracle.jdbc.driver.GeneratedResultSet,getString,(Ljava/lang/String;)Ljava/lang/String;,other dependency,other dependency,,UNBOUND,False,6332,7a384f833f20ed3b40b535afb107b88973c6eb03da2eca36199634c75d1e948d,808ea61ed2a1f48bac27176df1f102c296a1becbfad3f0a6936253f18ca45504,6,162,0
oracle,oracle.jdbc.driver.InsensitiveScrollableResultSet,findColumn,(Ljava/lang/String;)I,other dependency,other dependency,,UNBOUND,False,6332,71f98bf706b80eb59fa9251210cd03aa6623ff6cf624b7acee33d96a4f5ff740,82dac21e3133ddb80aa0d96ee4e12e293830fabb1879ae5dfd3d4d5c4c91dbbd,6,162,81
oracle,oracle.jdbc.driver.OracleSavepoint,getSavepointName,()Ljava/lang/String;,other dependency,other dependency,,UNBOUND,False,6332,578a55ca9c2cf3b9df4547cc994ce492d54789451751235304a1edde5c3e5b6c,a87d1b8b83ebc000e639b4091067498e40c55219b5c15f611e5e2b823fa5a086,50,3,0
oracle,oracle.jdbc.driver.OracleStatement,getColumnIndex,(Ljava/lang/String;)I,other dependency,other dependency,,UNBOUND,False,6332,498427b50479bb418b58c2a52f03a59ea5b86dfb155c169e8373250bf1d34f07,da61e9a18a3ff026fd63700793649a255076ecd21cb18688c0bd8b14b0324476,6,81,0
oracle,oracle.jdbc.driver.OracleStatement,getColumnIndexPrimitive,(Ljava/lang/String;)I,other dependency,other dependency,,UNBOUND,False,6332,498427b50479bb418b58c2a52f03a59ea5b86dfb155c169e8373250bf1d34f07,2bfe00fa207e7d9cbf29d3c3e6b196c60b32f694ed45f5d30a7dc124244f24f6,6,81,0
oracle,oracle.jdbc.driver.PhysicalConnection,rollback,(Ljava/sql/Savepoint;)V,other dependency,other dependency,,UNBOUND,False,6332,d34b08f4537b773b78677bbcdadd94c59411382776e8b167cf75bc4ba489dca8,47551e8996a31e3a03ef9fe61833a8bf7bff8c1207780df71c0d545c1ca8159d,50,3,3
oracle,org.adempiere.base.AbstractModelFactory,getPO,(Ljava/lang/Class;Ljava/lang/String;ILjava/lang/String;)Lorg/compiere/model/PO;,iDempiere application,iDempiere application,,UNBOUND,False,2895,bc01b4109c99864551b29b0e4f1a834ee8d1208db80a46725df38430366c1278,b895bd2419d013114d463a5bf0b1fd9c0fa61a9a37d2dd3a2e7ac490ae8232b4,88,33,0
oracle,org.adempiere.base.AbstractModelFactory,getPO,(Ljava/lang/Class;Ljava/lang/String;Ljava/sql/ResultSet;Ljava/lang/String;)Lorg/compiere/model/PO;,iDempiere application,iDempiere application,,UNBOUND,False,2895,bc01b4109c99864551b29b0e4f1a834ee8d1208db80a46725df38430366c1278,aa4da4f8f8599e820135d3a5db3bb87d98e2dbd2c994aecce1ad5fb44b6075b0,25,18,0
oracle,org.adempiere.base.AnnotationBasedModelFactory,getPO,(Ljava/lang/String;ILjava/lang/String;)Lorg/compiere/model/PO;,iDempiere application,iDempiere application,,UNBOUND,False,2895,215fb486d66752acc23b6bfe21963bfa9e9e18f87226a601ed85a29bedf28b70,aae09bc50b4ea0d0caccd3586e7e0168cc53eac01919ddbb4d059e1698fcb455,88,33,0
oracle,org.adempiere.base.AnnotationBasedModelFactory,getPO,(Ljava/lang/String;Ljava/sql/ResultSet;Ljava/lang/String;)Lorg/compiere/model/PO;,iDempiere application,iDempiere application,,UNBOUND,False,2895,215fb486d66752acc23b6bfe21963bfa9e9e18f87226a601ed85a29bedf28b70,d990c6b2dcaab1320786afda50f027c3a59e8e7a637a3654b665951762d5c1eb,25,18,0
oracle,org.adempiere.base.Core,getProductPricing,()Lorg/adempiere/base/IProductPricing;,iDempiere application,iDempiere application,,UNBOUND,False,2895,4c8f1c62b7cc5ba58026d72d9c39e453f5f49b3b064e59f2bceb97d3dbe753f3,a4699ba92426affeafad08d5b2a88811776d5f70296112e20f5a68e0b6673578,63,2,0
oracle,org.adempiere.base.DefaultDocumentFactory,getDocument,(Lorg/compiere/model/MAcctSchema;ILjava/sql/ResultSet;Ljava/lang/String;)Lorg/compiere/acct/Doc;,iDempiere application,iDempiere application,,UNBOUND,False,2895,b1cadce2f07b005c0673f9746095ad93c1d00746d3a756dc0036a9b51c2df086,984e3be78e8671010cc54f29d9f4d314fa375f157c21667c3f7e7dc84f0a331d,94,36,0
oracle,org.adempiere.base.ds.DynamicServiceHolder,<init>,(Lorg/osgi/util/tracker/ServiceTracker;)V,iDempiere application,iDempiere application,,UNBOUND,False,2895,d8e4b1ae58d9c960da23f3e126800c43215b0b50151f0ffd6cf941fa2c88ab89,00a0e75a17a4c9a4ff09607fbd3a05c0e41f05a8c2dd1aca07b5df496a9baefc,37,4,0
oracle,org.adempiere.base.ds.DynamicServiceLocator,list,(Ljava/lang/Class;Lorg/adempiere/base/ServiceQuery;)Lorg/adempiere/base/IServicesHolder;,iDempiere application,iDempiere application,,UNBOUND,False,2895,fa84fe116329e50d6d12578dac4ef0638ffe0d438a0487ee5349384834ee076a,c2e0c3988ba58c813d8b4e40160d0cb19743e0a4ec07c537950e5bba5229aaf5,37,2,0
oracle,org.adempiere.base.ds.DynamicServiceLocator,locate,(Ljava/lang/Class;)Lorg/adempiere/base/IServiceHolder;,iDempiere application,iDempiere application,,UNBOUND,False,2895,fa84fe116329e50d6d12578dac4ef0638ffe0d438a0487ee5349384834ee076a,6592daacb7913b56cb6f952b92ae193fa449defe2f42ab7d9ea7f4501f006de0,63,2,0
oracle,org.adempiere.util.ProcessUtil,startWorkFlow,(Ljava/util/Properties;Lorg/compiere/process/ProcessInfo;I)Lorg/compiere/wf/MWFProcess;,iDempiere application,iDempiere application,,UNBOUND,False,2895,97b0e2daa63e07ba82a16f2e845514cab13b033895b0584c751f6bdd7c97975e,1e690bd72c5f1362fcc5ec613c8632be3519ad3f5fe8c9b498c8de2ec0e46472,25,247,0
oracle,org.apache.felix.scr.impl.inject.methods.ActivateMethod,doFindMethod,(Ljava/lang/Class;ZZLorg/apache/felix/scr/impl/logger/ComponentLogger;)Lorg/apache/felix/scr/impl/inject/methods/BaseMethod$MethodInfo;,other dependency,other dependency,,UNBOUND,False,2474,8c32b80bb36aaed7c6369d03f5aa5aea0261a3355744ab0487573f31a0d5614f,9b66a7a1c18570f30d969fb2fe1868f4dbb4c0efc9d2d24634d9629fbe5765ed,37,4,0
oracle,org.apache.felix.scr.impl.inject.methods.ActivateMethod,invoke,(Ljava/lang/Object;Lorg/apache/felix/scr/impl/inject/ActivatorParameter;Lorg/apache/felix/scr/impl/inject/MethodResult;)Lorg/apache/felix/scr/impl/inject/MethodResult;,other dependency,other dependency,,UNBOUND,False,2474,8c32b80bb36aaed7c6369d03f5aa5aea0261a3355744ab0487573f31a0d5614f,506709e3e7e13dedfdcd0bc2ad0e6b0c2cb3b39100dc30b9294ee87f0aec5525,37,4,0
oracle,org.apache.felix.scr.impl.inject.methods.ActivateMethod,invoke,(Ljava/lang/Object;Lorg/apache/felix/scr/impl/inject/ScrComponentContext;ILorg/apache/felix/scr/impl/inject/MethodResult;)Lorg/apache/felix/scr/impl/inject/MethodResult;,other dependency,other dependency,,UNBOUND,False,2474,8c32b80bb36aaed7c6369d03f5aa5aea0261a3355744ab0487573f31a0d5614f,52e2181bcac8a24711b13af521d89d71c32c8bd3da7ee21c5f5fe487532b2073,37,4,0
oracle,org.apache.felix.scr.impl.inject.methods.BaseMethod,access$400,(Lorg/apache/felix/scr/impl/inject/methods/BaseMethod;Lorg/apache/felix/scr/impl/logger/ComponentLogger;)Lorg/apache/felix/scr/impl/inject/methods/BaseMethod$MethodInfo;,other dependency,other dependency,,UNBOUND,False,2474,35a7fdc92d8b41d8d4e613e983fbe5b13a1a2020d7aa9e456e720e12aafbc5fc,f0c6a9ba9793aafb772e2fb118bec6af1965c8be886c0e6ae88a245e3894dbca,37,4,0
oracle,org.apache.felix.scr.impl.inject.methods.BaseMethod,findMethod,(Lorg/apache/felix/scr/impl/logger/ComponentLogger;)Lorg/apache/felix/scr/impl/inject/methods/BaseMethod$MethodInfo;,other dependency,other dependency,,UNBOUND,False,2474,35a7fdc92d8b41d8d4e613e983fbe5b13a1a2020d7aa9e456e720e12aafbc5fc,40da3419d8cb3957d2c80c2c140fc9e54cd6653997a0c7956a7ee592f1246c29,37,4,0
oracle,org.apache.felix.scr.impl.inject.methods.BaseMethod,getMethod,(Ljava/lang/Class;Ljava/lang/String;[Ljava/lang/Class;ZZLorg/apache/felix/scr/impl/logger/ComponentLogger;)Ljava/lang/reflect/Method;,other dependency,other dependency,,UNBOUND,False,2474,35a7fdc92d8b41d8d4e613e983fbe5b13a1a2020d7aa9e456e720e12aafbc5fc,e522ac2a64bc5552e335af7684c54d579ed66588da38e381f4ac9669b7bed37b,37,4,4
oracle,org.apache.felix.scr.impl.inject.methods.BaseMethod,methodExists,(Lorg/apache/felix/scr/impl/logger/ComponentLogger;)Z,other dependency,other dependency,,UNBOUND,False,2474,35a7fdc92d8b41d8d4e613e983fbe5b13a1a2020d7aa9e456e720e12aafbc5fc,b2d1d793cd3574e3ecaadb5baba472a8fc82771e4caf46e196d595fd76c3b2bd,37,4,0
oracle,org.apache.felix.scr.impl.inject.methods.BaseMethod$NotResolved,methodExists,(Lorg/apache/felix/scr/impl/inject/methods/BaseMethod;Lorg/apache/felix/scr/impl/logger/ComponentLogger;)Z,other dependency,other dependency,,UNBOUND,False,2474,ddf41081c936c3a0b65f738e59cb2995656d1b84a358be1c15981a2108c963c6,debb39d750eac6522d679a0d4009a47ace575539ac144cc19b5e64c44078a5cb,37,4,0
oracle,org.apache.felix.scr.impl.inject.methods.BaseMethod$NotResolved,resolve,(Lorg/apache/felix/scr/impl/inject/methods/BaseMethod;Lorg/apache/felix/scr/impl/logger/ComponentLogger;)V,other dependency,other dependency,,UNBOUND,False,2474,ddf41081c936c3a0b65f738e59cb2995656d1b84a358be1c15981a2108c963c6,a0b4d1a897e7667a61c8e8187574cbe71c894c6b9e9b35a730a60b766c430465,37,4,0
oracle,org.apache.felix.scr.impl.manager.SingleComponentManager,createComponent,(Lorg/apache/felix/scr/impl/manager/ComponentContextImpl;)Z,other dependency,other dependency,,UNBOUND,False,2474,7fbaebf1720f30bdfc960b6aa0309711f1ddecdfbbf7982c1cee735ac5e1b02c,1192cc853339eeee503e548f2627a6216f46f1ee004d5626d1698de7477a1a3c,37,4,0
oracle,org.apache.felix.scr.impl.manager.SingleComponentManager,createImplementationObject,(Lorg/osgi/framework/Bundle;Lorg/apache/felix/scr/impl/manager/SingleComponentManager$SetImplementationObject;Lorg/apache/felix/scr/impl/manager/ComponentContextImpl;)Ljava/lang/Object;,other dependency,other dependency,,UNBOUND,False,2474,7fbaebf1720f30bdfc960b6aa0309711f1ddecdfbbf7982c1cee735ac5e1b02c,03bdb36f8d7d3babe21022313d37baf83ce0e86e92796904dc6898c9ae22cfa1,37,4,0
oracle,org.apache.felix.scr.impl.manager.SingleComponentManager,getService,(Lorg/apache/felix/scr/impl/manager/ComponentContextImpl;)Ljava/lang/Object;,other dependency,other dependency,,UNBOUND,False,2474,7fbaebf1720f30bdfc960b6aa0309711f1ddecdfbbf7982c1cee735ac5e1b02c,54938689f2f44528bb1eac50e26d139bc3f0b6ec1e3ac61bbb3e0294e5936c4b,37,4,0
oracle,org.apache.felix.scr.impl.manager.SingleComponentManager,getService,(Lorg/osgi/framework/Bundle;Lorg/osgi/framework/ServiceRegistration;)Ljava/lang/Object;,other dependency,other dependency,,UNBOUND,False,2474,7fbaebf1720f30bdfc960b6aa0309711f1ddecdfbbf7982c1cee735ac5e1b02c,29229cfc63edec5be059c8c553eb5bbfd5688e73d6638e6aa68536f4046a10e2,37,4,0
oracle,org.apache.felix.scr.impl.manager.SingleComponentManager,getServiceInternal,(Lorg/osgi/framework/ServiceRegistration;)Z,other dependency,other dependency,,UNBOUND,False,2474,7fbaebf1720f30bdfc960b6aa0309711f1ddecdfbbf7982c1cee735ac5e1b02c,2ad9211164fc567ffe365b8d98c9b43d0401c357f23f4bd78ee9dc05ec576023,37,4,0
oracle,org.apache.maven.surefire.api.util.ReflectionUtils,invokeMethodWithArray2,(Ljava/lang/Object;Ljava/lang/reflect/Method;[Ljava/lang/Object;)Ljava/lang/Object;,OSGi/Tycho/JUnit framework,OSGi/Tycho/JUnit framework,,UNBOUND,False,5192,e5629f3b44d922ef147ef60a55d5750322ad6ddbb8d371f3c4c272a877a33ac4,fe25b0383f0d21d1f6e9176aac5d02fa3f0f0be9c765dcd44080075d7a0a4060,2,349,0
oracle,org.apache.maven.surefire.booter.ProviderFactory,invokeProvider,(Ljava/lang/Object;Ljava/lang/ClassLoader;Ljava/lang/Object;Lorg/apache/maven/surefire/booter/ProviderConfiguration;ZLorg/apache/maven/surefire/booter/StartupConfiguration;Z)Lorg/apache/maven/surefire/api/suite/RunResult;,OSGi/Tycho/JUnit framework,OSGi/Tycho/JUnit framework,,UNBOUND,False,5192,4286a5b86bb2f4c6cc2a7f696c216a580ce984e679b3fa2ed9f02eb28bb9cbb0,ba7d8a79a1d7f895d89cbd34bae2d92f21fdd9d2cafda6f407d8a9abe1d8f33a,2,349,0
oracle,org.apache.maven.surefire.booter.ProviderFactory$ProviderProxy,invoke,(Ljava/lang/Object;)Lorg/apache/maven/surefire/api/suite/RunResult;,OSGi/Tycho/JUnit framework,OSGi/Tycho/JUnit framework,,UNBOUND,False,5192,2cacbf1bee7a064b4e06aaabb2a20ba7d528ea26e481c9d5d544054edeb7d9c5,d44aa1503ea08d75299b7e5d7d0fcab5ccc72b2eb02da1120c750ef209bb875d,2,349,0
oracle,org.apache.maven.surefire.junitplatform.JUnitPlatformProvider,execute,(Lorg/apache/maven/surefire/api/util/TestsToRun;Lorg/apache/maven/surefire/junitplatform/RunListenerAdapter;)V,OSGi/Tycho/JUnit framework,OSGi/Tycho/JUnit framework,,UNBOUND,False,5192,f25a434381b9eaa3e09f6537be9bc10b7c402f4abb9db45801546552c30c908f,d4309c1d7f1cd25d75dbb51271340e121fe8bd53e3a73aa858a566799618a37d,2,349,0
oracle,org.apache.maven.surefire.junitplatform.JUnitPlatformProvider,invoke,(Ljava/lang/Object;)Lorg/apache/maven/surefire/api/suite/RunResult;,OSGi/Tycho/JUnit framework,OSGi/Tycho/JUnit framework,,UNBOUND,False,5192,f25a434381b9eaa3e09f6537be9bc10b7c402f4abb9db45801546552c30c908f,80de348507789428b107785179b90c9e6d62a84aac6ac8747142934710a798b7,2,349,0
oracle,org.apache.maven.surefire.junitplatform.JUnitPlatformProvider,invokeAllTests,(Lorg/apache/maven/surefire/api/util/TestsToRun;Lorg/apache/maven/surefire/junitplatform/RunListenerAdapter;)V,OSGi/Tycho/JUnit framework,OSGi/Tycho/JUnit framework,,UNBOUND,False,5192,f25a434381b9eaa3e09f6537be9bc10b7c402f4abb9db45801546552c30c908f,7213104ddc0a83b73d847020d8d2c11debbf4071a38dead35936861e5322838e,2,349,0
oracle,org.apache.maven.surefire.junitplatform.LazyLauncher,execute,(Lorg/junit/platform/launcher/LauncherDiscoveryRequest;[Lorg/junit/platform/launcher/TestExecutionListener;)V,OSGi/Tycho/JUnit framework,OSGi/Tycho/JUnit framework,,UNBOUND,False,5192,835d21b3de79e875cbcd36789daa8d051259be232aa68226dbd7f40eef278083,cda3a1e91952d33404a3a8d8d27438b190bbcc901bbb439ff9022e30d6b7fc86,2,349,0
oracle,org.compiere.acct.Doc,<init>,(Lorg/compiere/model/MAcctSchema;Ljava/lang/Class;Ljava/sql/ResultSet;Ljava/lang/String;Ljava/lang/String;)V,iDempiere application,iDempiere application,,BOUND-MATCH,True,2895,a925d47c193183793d32a45d88c2f50c322d62d3da74f7700902bb1fbc146f08,7ec31f28750166cff47c4029b8693f1c566d6714ee425c6f34cf1845ab07d5d4,94,36,0
oracle,org.compiere.acct.Doc,get,(Lorg/compiere/model/MAcctSchema;ILjava/sql/ResultSet;Ljava/lang/String;)Lorg/compiere/acct/Doc;,iDempiere application,iDempiere application,,BOUND-MATCH,True,2895,a925d47c193183793d32a45d88c2f50c322d62d3da74f7700902bb1fbc146f08,30922fff964a7a8971a9dab0eeaecc96e843316e671d4bc6cfc35cdd4d71e8e8,37,38,0
oracle,org.compiere.acct.Doc,post,(ZZZ)Ljava/lang/String;,iDempiere application,iDempiere application,,BOUND-MATCH,True,2895,a925d47c193183793d32a45d88c2f50c322d62d3da74f7700902bb1fbc146f08,fddff4c74465c0b6c0b49d39fd4e17f43bed5d95fe85bcd0b44a4963227b9d76,39,122,3
oracle,org.compiere.acct.Doc,postImmediate,([Lorg/compiere/model/MAcctSchema;IIZLjava/lang/String;)Ljava/lang/String;,iDempiere application,iDempiere application,,BOUND-MATCH,True,2895,a925d47c193183793d32a45d88c2f50c322d62d3da74f7700902bb1fbc146f08,a35951fbe90adf1ba632232b12be57bbb4e69aca012bbbe1eb34eb739cdc0dc9,37,172,0
oracle,org.compiere.acct.Doc,postLogic,()Ljava/lang/String;,iDempiere application,iDempiere application,,BOUND-MATCH,True,2895,a925d47c193183793d32a45d88c2f50c322d62d3da74f7700902bb1fbc146f08,5e2c102af4af0ce1bd2f928ee7c7aafe39eefce30ecd1063ca73317fa858ee0a,160,27,0
oracle,org.compiere.acct.DocManager,getDocument,(Lorg/compiere/model/MAcctSchema;ILjava/sql/ResultSet;Ljava/lang/String;)Lorg/compiere/acct/Doc;,iDempiere application,iDempiere application,,BOUND-MATCH,True,2895,200ac52f2cc6bc67a1fa6a19d6a27ca7f2eb77a593b3c905cfd6ad19b1181033,060f53ecf04bdea5eb29aefd40b1be23960abe25e2dd532e256035958a095c3f,37,38,0
oracle,org.compiere.acct.DocManager,postDocument,([Lorg/compiere/model/MAcctSchema;IIZZZLjava/lang/String;)Ljava/lang/String;,iDempiere application,iDempiere application,,BOUND-MATCH,True,2895,200ac52f2cc6bc67a1fa6a19d6a27ca7f2eb77a593b3c905cfd6ad19b1181033,d2725c53b6d99372cb9ec02304adc021c31664937f1522f23d9d98e4f48b528d,37,172,0
oracle,org.compiere.acct.DocManager,postDocument,([Lorg/compiere/model/MAcctSchema;ILjava/sql/ResultSet;ZZZLjava/lang/String;)Ljava/lang/String;,iDempiere application,iDempiere application,,BOUND-MATCH,True,2895,200ac52f2cc6bc67a1fa6a19d6a27ca7f2eb77a593b3c905cfd6ad19b1181033,12f5cbfcaca34442fd1929af1ede681e0db3f9e1aa715979b634c3e143ecae81,37,172,0
oracle,org.compiere.acct.DocManager,startBackDateProcess,([Lorg/compiere/model/MAcctSchema;IILjava/lang/String;)Ljava/lang/String;,iDempiere application,iDempiere application,,BOUND-MATCH,True,2895,200ac52f2cc6bc67a1fa6a19d6a27ca7f2eb77a593b3c905cfd6ad19b1181033,bb44a271640a635b04ca5a66454955f5e7398239ff4c9d5820c4cc8a8f1e439f,114,9,0
oracle,org.compiere.acct.Doc_AllocationHdr,createFacts,(Lorg/compiere/model/MAcctSchema;)Ljava/util/ArrayList;,iDempiere application,iDempiere application,,UNBOUND,False,2895,da0b3a22f43edcb4dbeebca2a17cd7b023f67a3fe243668ee3463f51b24738ba,4afe35c88082c937b648d40440bc7af68a6f5350fe0174d8a350db210307e5aa,160,27,0
oracle,org.compiere.acct.Doc_AllocationHdr,createInvoiceRoundingCorrection,(Lorg/compiere/model/MAcctSchema;Lorg/compiere/acct/Fact;Lorg/compiere/model/MAccount;Lorg/compiere/model/MAccount;)Ljava/lang/String;,iDempiere application,iDempiere application,,UNBOUND,False,2895,da0b3a22f43edcb4dbeebca2a17cd7b023f67a3fe243668ee3463f51b24738ba,5e87c1975fc408901f7a59a426982790063f69513eeb71cf3e54666decb4b645,176,3,0
oracle,org.compiere.acct.Doc_AllocationHdr,isInterOrg,(Lorg/compiere/model/MAcctSchema;)Z,iDempiere application,iDempiere application,,UNBOUND,False,2895,da0b3a22f43edcb4dbeebca2a17cd7b023f67a3fe243668ee3463f51b24738ba,9167aef182677d231809f146bea64638eec563314c6f70fa76971584276a9fe8,160,6,0
oracle,org.compiere.acct.Doc_AllocationHdr,loadDocumentDetails,()Ljava/lang/String;,iDempiere application,iDempiere application,,UNBOUND,False,2895,da0b3a22f43edcb4dbeebca2a17cd7b023f67a3fe243668ee3463f51b24738ba,d30185f28d6cfdb8b18388ea39aebbc896f285a4117699eb13b26d0eb0f71783,289,12,0
oracle,org.compiere.acct.Doc_AllocationHdr,loadLines,(Lorg/compiere/model/MAllocationHdr;)[Lorg/compiere/acct/DocLine;,iDempiere application,iDempiere application,,UNBOUND,False,2895,da0b3a22f43edcb4dbeebca2a17cd7b023f67a3fe243668ee3463f51b24738ba,c67a8d273e3e8a96f5ac5146ff0c72397952cddf1bacd526054575a5613ae7d1,289,12,0
oracle,org.compiere.acct.Doc_Inventory,loadDocumentDetails,()Ljava/lang/String;,iDempiere application,iDempiere application,,UNBOUND,False,2895,f2fe1f5a3920b623443181fd1cd7d4f69a061d59767d8297ce2118e9a1fdfb01,795517ea4507de8dff8095393651e571b65bb75939d38041af1ed1d17f601b19,42,6,0
oracle,org.compiere.acct.Doc_Inventory,loadLines,(Lorg/compiere/model/MInventory;)[Lorg/compiere/acct/DocLine;,iDempiere application,iDempiere application,,UNBOUND,False,2895,f2fe1f5a3920b623443181fd1cd7d4f69a061d59767d8297ce2118e9a1fdfb01,2bc77bfc88742ba4eddd2e0a5d420a821d10ae7e66be7b9396618270f988d456,42,6,0
oracle,org.compiere.acct.Doc_Invoice,<init>,(Lorg/compiere/model/MAcctSchema;Ljava/sql/ResultSet;Ljava/lang/String;)V,iDempiere application,iDempiere application,,UNBOUND,False,2895,f5244b7b49bbd3c6f0950f0914b383c6ce773d50ad8ec7eb1d3d2bd4d2c37d8a,39e52cbf36681ff7e0683835e8593afa15adba9923246d02f20e5dceb27c0694,94,36,0
oracle,org.compiere.acct.Doc_Invoice,loadDocumentDetails,()Ljava/lang/String;,iDempiere application,iDempiere application,,UNBOUND,False,2895,f5244b7b49bbd3c6f0950f0914b383c6ce773d50ad8ec7eb1d3d2bd4d2c37d8a,6de7179c8c98a493b1a3de113ebdc167d35d82f45f35c0ae9cca4cf8b9128c4f,254,6,0
oracle,org.compiere.acct.Doc_Invoice,loadLines,(Lorg/compiere/model/MInvoice;)[Lorg/compiere/acct/DocLine;,iDempiere application,iDempiere application,,UNBOUND,False,2895,f5244b7b49bbd3c6f0950f0914b383c6ce773d50ad8ec7eb1d3d2bd4d2c37d8a,a0195d83458c8267e5da19cb92cc6fd85b27370faab052dcabfca05969db6c5a,254,6,0
oracle,org.compiere.model.MAllocationHdr,prepareIt,()Ljava/lang/String;,iDempiere application,iDempiere application,,UNBOUND,False,2895,916776e69b0eca77b488bc1eaf3b1ec1b805aa6eeccd3bf03f97db6d11d392b9,2334249386219ec5f4386c63b348c3fd5a662814b2e4d1f622d49c8324188eab,143,9,0
oracle,org.compiere.model.MAllocationHdr,processIt,(Ljava/lang/String;)Z,iDempiere application,iDempiere application,,UNBOUND,False,2895,916776e69b0eca77b488bc1eaf3b1ec1b805aa6eeccd3bf03f97db6d11d392b9,93af1ce04f42a4b5d4325344ba2d38f4bd25c254829af2eb3fcb6b7f58aaa2db,143,41,0
oracle,org.compiere.model.MAllocationLine,beforeSave,(Z)Z,iDempiere application,iDempiere application,,UNBOUND,False,2895,e0694a69443b812d16b96a9cf2fa61f787a6a90d3695c3b3e89ab185fb3280ee,aea093a5e6a941e4cc8bf78a3a7f0a223302d3dab9358afea117e92b637cc00c,140,9,0
oracle,org.compiere.model.MAllocationLine,getInvoice,()Lorg/compiere/model/MInvoice;,iDempiere application,iDempiere application,,UNBOUND,False,2895,e0694a69443b812d16b96a9cf2fa61f787a6a90d3695c3b3e89ab185fb3280ee,4ac9127d4ea85b26802ace61a3096c386ba8f09100548de6c725dab1f698904a,140,18,0
oracle,org.compiere.model.MBPGroup,<init>,(Ljava/util/Properties;ILjava/lang/String;)V,iDempiere application,iDempiere application,,UNBOUND,False,2895,61621cbf5694f1fa1cd374634b31b5b59307108ad0b65f88426a61a9ea325aea,0b2a498f4dcaa81de868f83629b2c46b2be66fba63b2c73f25c08f6bbc38792c,2,4,0
oracle,org.compiere.model.MBPGroup,get,(Ljava/util/Properties;ILjava/lang/String;)Lorg/compiere/model/MBPGroup;,iDempiere application,iDempiere application,,UNBOUND,False,2895,61621cbf5694f1fa1cd374634b31b5b59307108ad0b65f88426a61a9ea325aea,cab9dd2dacd0e5de8f13d1ab9de289611fa23a8046309ee7008b7c823dda95df,2,4,0
oracle,org.compiere.model.MBPGroup,getCopy,(Ljava/util/Properties;ILjava/lang/String;)Lorg/compiere/model/MBPGroup;,iDempiere application,iDempiere application,,UNBOUND,False,2895,61621cbf5694f1fa1cd374634b31b5b59307108ad0b65f88426a61a9ea325aea,9b1142f238c7e30cb2988d092b8953613e4c3a6ee42aee719df913d6f6bbab12,2,4,0
oracle,org.compiere.model.MBPartner,beforeSave,(Z)Z,iDempiere application,iDempiere application,,UNBOUND,False,2895,6d715fa3d460f4fc3bce61732e6392224193b1192599340aaf443df79a8e2a83,cfa3ae7aef2a5438e2cec4661da5c1f33a40b69ecf033ccade3b8a6950e34141,2,4,0
oracle,org.compiere.model.MBPartner,getBPGroup,()Lorg/compiere/model/MBPGroup;,iDempiere application,iDempiere application,,UNBOUND,False,2895,6d715fa3d460f4fc3bce61732e6392224193b1192599340aaf443df79a8e2a83,076201cf1453026b0603b4152354c337516b6b262fec0f9c81ab12db83732b9f,2,4,0
oracle,org.compiere.model.MCost,create,(Lorg/compiere/model/MProduct;)V,iDempiere application,iDempiere application,,UNBOUND,False,2895,00811713873386812683c90d079a866f2ed9083c331ce06dfeed3371f4d0f79b,d84c5f1568d61fa1928c9476c91db9ee19002c99640184dc59354629ece56efb,6,12,0
oracle,org.compiere.model.MCost,createCostingRecord,(Lorg/compiere/model/MProduct;ILorg/compiere/model/MAcctSchema;II)V,iDempiere application,iDempiere application,,UNBOUND,False,2895,00811713873386812683c90d079a866f2ed9083c331ce06dfeed3371f4d0f79b,ade17514fe8de2138b5cfd5e1afa80297b263564c701f439569383c7e9d9935f,6,12,0
oracle,org.compiere.model.MCostDetail,getDateAcct,(IILjava/lang/String;)Ljava/sql/Timestamp;,iDempiere application,iDempiere application,,UNBOUND,False,2895,c3e1d232d93ab4071247ef03221b42cf9c3aa53554414f022c481b78d6adb222,a93525a15c537d0f65a15ba9aba019c7e2cac5533eeea82a9e9b07c847780ceb,114,9,0
oracle,org.compiere.model.MDocType,<init>,(Ljava/util/Properties;ILjava/lang/String;)V,iDempiere application,iDempiere application,,UNBOUND,False,2895,0e9490b5a7845f9028a537a03327aacdd0420bec5c8b4d2e279c0cdc6e8db1ee,c56d8568c445f52319e99a625acf8bbedb06bee2e882bdacc2cf51bd217f55ad,18,1,0
oracle,org.compiere.model.MDocType,get,(I)Lorg/compiere/model/MDocType;,iDempiere application,iDempiere application,,UNBOUND,False,2895,0e9490b5a7845f9028a537a03327aacdd0420bec5c8b4d2e279c0cdc6e8db1ee,1c27caadb2829891b596153c94ca47989f6f66d98464f49c0ba789566c61b42e,18,1,0
oracle,org.compiere.model.MDocType,get,(Ljava/util/Properties;I)Lorg/compiere/model/MDocType;,iDempiere application,iDempiere application,,UNBOUND,False,2895,0e9490b5a7845f9028a537a03327aacdd0420bec5c8b4d2e279c0cdc6e8db1ee,5170d0b8ccecf803fb62f547eef612a6ec298f5c93f64eecb7b4ef8a0b890ee1,18,1,0
oracle,org.compiere.model.MInOut,processIt,(Ljava/lang/String;)Z,iDempiere application,iDempiere application,,UNBOUND,False,2895,0ea743a5d2be72376b61800608fc3a236b944579d86f983e699147c6723a347f,a114f8e8c353afa8c6e975039d10dca682c77373564ff7e747ec783ed9acbcdb,73,12,0
oracle,org.compiere.model.MInventory,beforeSave,(Z)Z,iDempiere application,iDempiere application,,UNBOUND,False,2895,f4e036ea14231a0977fa4990b747c1fc8a43208337761e2b08356a830721ed62,519587ea9c26973463b7174605be49347e3e47c0cfdb1817c9071c4ebce32bce,18,1,0
oracle,org.compiere.model.MInventory,checkMaterialPolicy,(Lorg/compiere/model/MInventoryLine;Ljava/math/BigDecimal;)V,iDempiere application,iDempiere application,,UNBOUND,False,2895,f4e036ea14231a0977fa4990b747c1fc8a43208337761e2b08356a830721ed62,185bce836b72784a689447950afcb4b3e172aa221d6ef100b5d585b356bd2051,31,6,0
oracle,org.compiere.model.MInventory,completeIt,()Ljava/lang/String;,iDempiere application,iDempiere application,,UNBOUND,False,2895,f4e036ea14231a0977fa4990b747c1fc8a43208337761e2b08356a830721ed62,0a9d7de9187d5f7f8dd80a93019dcb14692398cb2e3c9658f8639653d3176210,31,6,0
oracle,org.compiere.model.MInventory,getLines,(Z)[Lorg/compiere/model/MInventoryLine;,iDempiere application,iDempiere application,,UNBOUND,False,2895,f4e036ea14231a0977fa4990b747c1fc8a43208337761e2b08356a830721ed62,4ae790a21d81dbd0e78a3e38938815758310a02a1251feaed15109e0c76c12f4,25,18,0
oracle,org.compiere.model.MInventory,getSummary,()Ljava/lang/String;,iDempiere application,iDempiere application,,UNBOUND,False,2895,f4e036ea14231a0977fa4990b747c1fc8a43208337761e2b08356a830721ed62,05da8b6e2294e5a0fb960d25ee9e25884f819a1c8f1dd99fcf9d6ecb59690bb2,25,12,0
oracle,org.compiere.model.MInventory,processIt,(Ljava/lang/String;)Z,iDempiere application,iDempiere application,,UNBOUND,False,2895,f4e036ea14231a0977fa4990b747c1fc8a43208337761e2b08356a830721ed62,3337bd767b422121017e5b55534b7f3869225bb0c7d929a0eb19b1c2a591bda0,31,20,0
oracle,org.compiere.model.MInventoryLine,<init>,(Ljava/util/Properties;ILjava/lang/String;)V,iDempiere application,iDempiere application,,UNBOUND,False,2895,f85b64b17886abea94047cc9185fd8346fb76ee471297733f259d51b940af13c,e23b5d4b4da1e00e5fe5c7c5373f0443218a60b6a4054ba8c3c21c3d783ad90e,31,6,0
oracle,org.compiere.model.MInventoryLine,<init>,(Ljava/util/Properties;ILjava/lang/String;[Ljava/lang/String;)V,iDempiere application,iDempiere application,,UNBOUND,False,2895,f85b64b17886abea94047cc9185fd8346fb76ee471297733f259d51b940af13c,54ff8498126de7fc3a4db76e404686b4a4eb46f74ed6f225e8a35b9a5fdf8148,31,6,0
oracle,org.compiere.model.MInventoryLine,<init>,(Ljava/util/Properties;Ljava/sql/ResultSet;Ljava/lang/String;)V,iDempiere application,iDempiere application,,UNBOUND,False,2895,f85b64b17886abea94047cc9185fd8346fb76ee471297733f259d51b940af13c,cd357dfb54c610565bdb1235394c35a48f6e60d78bbd9b2e41a1e6a4a1c1995c,25,18,0
oracle,org.compiere.model.MInventoryLineMA,beforeSave,(Z)Z,iDempiere application,iDempiere application,,UNBOUND,False,2895,62c3bd258c93dbded2a1529210eb7100cc5f070fcfbbcdffb5bbe89a30a9dac0,0594e2db8ecbd4173e211f3478df045a10eeb71fbb03b18c4100e335fca13c56,31,6,0
oracle,org.compiere.model.MInvoice,<init>,(Ljava/util/Properties;ILjava/lang/String;)V,iDempiere application,iDempiere application,,UNBOUND,False,2895,695deeccbf070c41e9e727a34c439194feba0325c123252fb4ccd04e261156d2,49f2c18b1a4230503dcfe1162a14fe6d94c0ce88cf35fde540f7c0a6327cbd4f,88,111,0
oracle,org.compiere.model.MInvoice,<init>,(Ljava/util/Properties;ILjava/lang/String;[Ljava/lang/String;)V,iDempiere application,iDempiere application,,UNBOUND,False,2895,695deeccbf070c41e9e727a34c439194feba0325c123252fb4ccd04e261156d2,daec4193a30cacdb9529f3c008a326c07f6740f5a22a904c6cb790cfbf1edbc6,88,111,0
oracle,org.compiere.model.MInvoice,<init>,(Ljava/util/Properties;Ljava/sql/ResultSet;Ljava/lang/String;)V,iDempiere application,iDempiere application,,UNBOUND,False,2895,695deeccbf070c41e9e727a34c439194feba0325c123252fb4ccd04e261156d2,f5176438c6871ed41477a5f2fbef0d9d48b79eb41a9e3d23f1d059aba94d9004,94,18,0
oracle,org.compiere.model.MInvoice,copyFrom,(Lorg/compiere/model/MInvoice;Ljava/sql/Timestamp;Ljava/sql/Timestamp;IZZLjava/lang/String;Z)Lorg/compiere/model/MInvoice;,iDempiere application,iDempiere application,,UNBOUND,False,2895,695deeccbf070c41e9e727a34c439194feba0325c123252fb4ccd04e261156d2,a9db55a9cfe80b2812bd89f2fe648916eab9fc9da14d55eafe392bf5a08c247c,239,3,0
oracle,org.compiere.model.MInvoice,copyFrom,(Lorg/compiere/model/MInvoice;Ljava/sql/Timestamp;Ljava/sql/Timestamp;IZZLjava/lang/String;ZLjava/lang/String;)Lorg/compiere/model/MInvoice;,iDempiere application,iDempiere application,,UNBOUND,False,2895,695deeccbf070c41e9e727a34c439194feba0325c123252fb4ccd04e261156d2,4a5b61b656622bd9f86e7ad7ab150b378d5558a121189a2975ae8e6925b47b9a,239,3,0
oracle,org.compiere.model.MInvoice,processIt,(Ljava/lang/String;)Z,iDempiere application,iDempiere application,,UNBOUND,False,2895,695deeccbf070c41e9e727a34c439194feba0325c123252fb4ccd04e261156d2,f5afe5382d3a8ed03bd306d16956e232fbeed5d542c7a8b33bef2b39940c9b38,94,157,0
oracle,org.compiere.model.MInvoice,reverse,(Z)Lorg/compiere/model/MInvoice;,iDempiere application,iDempiere application,,UNBOUND,False,2895,695deeccbf070c41e9e727a34c439194feba0325c123252fb4ccd04e261156d2,bf6e4decb275572310f4c946433b2603b624f3deb6708d965c3c092530867aad,236,82,0
oracle,org.compiere.model.MInvoice,reverseCorrectIt,()Z,iDempiere application,iDempiere application,,UNBOUND,False,2895,695deeccbf070c41e9e727a34c439194feba0325c123252fb4ccd04e261156d2,a3ddd3b2a9f41fcb5a3a1b43d33ca9475d536e66928fbd42ee6a22d7ae60d700,236,82,0
oracle,org.compiere.model.MInvoiceLine,getParent,()Lorg/compiere/model/MInvoice;,iDempiere application,iDempiere application,,UNBOUND,False,2895,a8f57a7573cb2afc1db9ce652737cc92be9761b95d669f86a9dd1576bc729227,04af8d9a06308171502be0b21cc64ba5db8cfb8541d65dc539d9729c96151f5e,242,3,0
oracle,org.compiere.model.MOrder,processIt,(Ljava/lang/String;)Z,iDempiere application,iDempiere application,,UNBOUND,False,2895,8651b3fd45185c6c0a5bc92562e3addaee01aa1ceaac5db9b69ad3a9021230e2,00801095a70ab54f03beff80a6d78cf83c83b9253778c6fa3bb2cc05868555a3,65,8,0
oracle,org.compiere.model.MOrderLine,beforeSave,(Z)Z,iDempiere application,iDempiere application,,UNBOUND,False,2895,09ce1c8e1aaec7a6519cb0edc536a6018d0e2c3d41f57a2647bd706d3a192810,6df085a1932df6410d5b3479e800fb5b59d18e820e29c8792aee30b362633951,63,2,0
oracle,org.compiere.model.MOrderLine,getProductPricing,(I)Lorg/adempiere/base/IProductPricing;,iDempiere application,iDempiere application,,UNBOUND,False,2895,09ce1c8e1aaec7a6519cb0edc536a6018d0e2c3d41f57a2647bd706d3a192810,9fcf53d103dd13e0c8f429972f87d6c20af8b0707e497c571cb1565c61f13f72,63,2,0
oracle,org.compiere.model.MPayment,<init>,(Ljava/util/Properties;ILjava/lang/String;)V,iDempiere application,iDempiere application,,UNBOUND,False,2895,422da8f98e89d72ce22ded0bb02e4454b81130e2c192a3964e90f391be2a3129,5226983fb4bd8b4731813e949ab1e5b8f72fce6d4bfcb9b9efc9fc2a5d037338,131,3,0
oracle,org.compiere.model.MPayment,allocateInvoice,()Z,iDempiere application,iDempiere application,,UNBOUND,False,2895,422da8f98e89d72ce22ded0bb02e4454b81130e2c192a3964e90f391be2a3129,a60be753d531d3ec94b40d70216d9796d3ea5bd8911782d34f283bef78f12655,137,9,0
oracle,org.compiere.model.MPayment,allocateIt,()Z,iDempiere application,iDempiere application,,UNBOUND,False,2895,422da8f98e89d72ce22ded0bb02e4454b81130e2c192a3964e90f391be2a3129,3fc13527845eafebac24bc9cedc5081ea46ae581d6492c3ae3c7f40e87da830c,137,9,0
oracle,org.compiere.model.MPayment,beforeSave,(Z)Z,iDempiere application,iDempiere application,,UNBOUND,False,2895,422da8f98e89d72ce22ded0bb02e4454b81130e2c192a3964e90f391be2a3129,dc7e78c2270d4c8b65914430b87cc1bef19a86cccff633608f1e5d3853e76008,134,3,0
oracle,org.compiere.model.MPayment,completeIt,()Ljava/lang/String;,iDempiere application,iDempiere application,,UNBOUND,False,2895,422da8f98e89d72ce22ded0bb02e4454b81130e2c192a3964e90f391be2a3129,849b35c1d4f31c8b8336aa4f6c9c3ecfac7e17236125f028bbe733cff6fd280b,137,12,0
oracle,org.compiere.model.MPayment,processIt,(Ljava/lang/String;)Z,iDempiere application,iDempiere application,,UNBOUND,False,2895,422da8f98e89d72ce22ded0bb02e4454b81130e2c192a3964e90f391be2a3129,0736e783289215f477df016fe18f69fd3b2c233261f961385454cf21d164f73c,137,43,0
oracle,org.compiere.model.MProduct,afterSave,(ZZ)Z,iDempiere application,iDempiere application,,UNBOUND,False,2895,23162d4c8377a0be3ad4096be64a22b0da82bc48b88efb8b5b2800810a20822d,55ebc92d786ac2ed4703f6b34fda77b4e376138d95cca653aff765ee8419391a,6,12,0
oracle,org.compiere.model.MTable,getPO,(ILjava/lang/String;)Lorg/compiere/model/PO;,iDempiere application,iDempiere application,,UNBOUND,False,2895,2f13a45f68b1cc1531603f88173e34144ccd69997742cc3b86ebf968767584dc,cb0e73a9a2317d0ccc894ab0e2ddca7554369a812e87ddff3ae32d4516a92434,88,33,0
oracle,org.compiere.model.MTable,getPO,(Ljava/sql/ResultSet;Ljava/lang/String;)Lorg/compiere/model/PO;,iDempiere application,iDempiere application,,UNBOUND,False,2895,2f13a45f68b1cc1531603f88173e34144ccd69997742cc3b86ebf968767584dc,23701a94d5eb3446ac236841b61e3f41d9c80d142a6c420194013174ee8bfb08,25,18,0
oracle,org.compiere.model.PO,<init>,(Ljava/util/Properties;ILjava/lang/String;)V,iDempiere application,iDempiere application,,BOUND-MATCH,True,2895,e35e27a7447548efd0a14edf572f432ee902812525fff821cd56e4e140d31dc1,18644df63328bb0199c62722cc1e75f3057fea236cdaf2645e10b5858b02934a,2,8,0
oracle,org.compiere.model.PO,<init>,(Ljava/util/Properties;ILjava/lang/String;Ljava/sql/ResultSet;[Ljava/lang/String;)V,iDempiere application,iDempiere application,,BOUND-MATCH,True,2895,e35e27a7447548efd0a14edf572f432ee902812525fff821cd56e4e140d31dc1,47078fb5bcbd088b618bc57ff061562a01b3fee53d6889124008d48942dce54f,2,161,0
oracle,org.compiere.model.PO,<init>,(Ljava/util/Properties;ILjava/lang/String;[Ljava/lang/String;)V,iDempiere application,iDempiere application,,BOUND-MATCH,True,2895,e35e27a7447548efd0a14edf572f432ee902812525fff821cd56e4e140d31dc1,7c0a995f37993f8f5310f0198371246a535ad15be33d5ea2947cf57d98c40511,31,117,0
oracle,org.compiere.model.PO,<init>,(Ljava/util/Properties;Ljava/sql/ResultSet;Ljava/lang/String;)V,iDempiere application,iDempiere application,,BOUND-MATCH,True,2895,e35e27a7447548efd0a14edf572f432ee902812525fff821cd56e4e140d31dc1,9465312bdd81edf0cdf9b37b65157a8837c1c16a2999c1eb9b1a04b2bffd6a7e,25,36,0
oracle,org.compiere.model.PO,checkRecordIDCrossTenant,()V,iDempiere application,iDempiere application,,BOUND-MATCH,True,2895,e35e27a7447548efd0a14edf572f432ee902812525fff821cd56e4e140d31dc1,ff244951731065fa41700d20756d523f24daa6a705cbc1edbed7dccdb1dc4516,48,3,0
oracle,org.compiere.model.PO,doInsert,(Z)Z,iDempiere application,iDempiere application,,BOUND-MATCH,True,2895,e35e27a7447548efd0a14edf572f432ee902812525fff821cd56e4e140d31dc1,6fe490fd4b670567afc6f796ec33c13c04d3ad0baac0c91b9e94d6e730edc953,6,27,0
oracle,org.compiere.model.PO,load,(ILjava/lang/String;[Ljava/lang/String;)V,iDempiere application,iDempiere application,,BOUND-MATCH,True,2895,e35e27a7447548efd0a14edf572f432ee902812525fff821cd56e4e140d31dc1,bd8c48dcc68033a7419798ec3dd9930bd14d5fa3c156aadabd2f1e4824063967,31,117,0
oracle,org.compiere.model.PO,load,(Ljava/lang/String;[Ljava/lang/String;)Z,iDempiere application,iDempiere application,,BOUND-MATCH,True,2895,e35e27a7447548efd0a14edf572f432ee902812525fff821cd56e4e140d31dc1,4fc922b8e86a722f95d823ee7fe099d5a95b428b21f16f0afadbf050ac86239d,6,207,0
oracle,org.compiere.model.PO,load,(Ljava/sql/ResultSet;)Z,iDempiere application,iDempiere application,,BOUND-MATCH,True,2895,e35e27a7447548efd0a14edf572f432ee902812525fff821cd56e4e140d31dc1,1d4334ee645e42204f6b5da15a4d28f0607a8fa63db88fb0ed48422535490635,6,243,0
oracle,org.compiere.model.PO,loadColumn,(Ljava/sql/ResultSet;I)Z,iDempiere application,iDempiere application,,BOUND-MATCH,True,2895,e35e27a7447548efd0a14edf572f432ee902812525fff821cd56e4e140d31dc1,bd977a8c53cfbca83f99b0c66ce0d7d996440ab5a20e0e85a0d73aac2a5bbed9,6,243,81
oracle,org.compiere.model.PO,loadPO,(Ljava/lang/String;Ljava/lang/String;[Ljava/lang/String;)Z,iDempiere application,iDempiere application,,BOUND-MATCH,True,2895,e35e27a7447548efd0a14edf572f432ee902812525fff821cd56e4e140d31dc1,2f0aaacf628f46a639541f81bba149d2d272563464dcf06d9a02efb7a9cf64bd,6,207,0
oracle,org.compiere.model.PO,save,()Z,iDempiere application,iDempiere application,,BOUND-MATCH,True,2895,e35e27a7447548efd0a14edf572f432ee902812525fff821cd56e4e140d31dc1,165b1ad4e8d57a4526f4357ceec11c90f4eec8020e29b1f71010c60d4ee5fd08,2,67,0
oracle,org.compiere.model.PO,saveEx,()V,iDempiere application,iDempiere application,,BOUND-MATCH,True,2895,e35e27a7447548efd0a14edf572f432ee902812525fff821cd56e4e140d31dc1,2b9a5675f0df816d6b00a7d1a4a145e41563e8acc4e15e465e09fea5b65376bd,2,55,0
oracle,org.compiere.model.PO,saveEx,(Ljava/lang/String;)V,iDempiere application,iDempiere application,,BOUND-MATCH,True,2895,e35e27a7447548efd0a14edf572f432ee902812525fff821cd56e4e140d31dc1,104777f2b378e22dc5a01375f2b1fb960e846e25cef99f925cf22a378da30d12,140,6,0
oracle,org.compiere.model.PO,saveFinish,(ZZ)Z,iDempiere application,iDempiere application,,BOUND-MATCH,True,2895,e35e27a7447548efd0a14edf572f432ee902812525fff821cd56e4e140d31dc1,d6cf901cea63d761526519327c041042f61dce35f986b80765398ced5e18a196,6,12,0
oracle,org.compiere.model.PO,saveNew,()Z,iDempiere application,iDempiere application,,BOUND-MATCH,True,2895,e35e27a7447548efd0a14edf572f432ee902812525fff821cd56e4e140d31dc1,4eae41f2ab02bca2ae8337f486050021ede92d2efe48473b34fcecb31542185f,6,39,0
oracle,org.compiere.model.POInfo,<init>,(Ljava/util/Properties;IZLjava/lang/String;)V,iDempiere application,iDempiere application,,UNBOUND,False,2895,89ac4bbde2a016a0ed8c3712bcc320480cb2da6c3a7763ca7302dd036339622b,af02c39ea51527f9205b67f9c185bb20eb93a7418c7a6e2aecbebec108a7c44f,2,8,0
oracle,org.compiere.model.POInfo,getPOInfo,(Ljava/util/Properties;ILjava/lang/String;)Lorg/compiere/model/POInfo;,iDempiere application,iDempiere application,,UNBOUND,False,2895,89ac4bbde2a016a0ed8c3712bcc320480cb2da6c3a7763ca7302dd036339622b,8aada5a583499704b4a8933630dc20b7b6ebfe11015fd3507136871749de8931,2,8,0
oracle,org.compiere.model.POInfo,loadInfo,(ZLjava/lang/String;)V,iDempiere application,iDempiere application,,UNBOUND,False,2895,89ac4bbde2a016a0ed8c3712bcc320480cb2da6c3a7763ca7302dd036339622b,bb24aa27b5157932531cce1706852bc96bbc016855817f92a31ab39b4e106eb4,2,8,0
oracle,org.compiere.model.POInfoColumn,<init>,(ILjava/lang/String;Ljava/lang/String;IZZLjava/lang/String;Ljava/lang/String;Ljava/lang/String;ZZILjava/lang/String;ILjava/lang/String;Ljava/lang/String;ZZZZ)V,iDempiere application,iDempiere application,,UNBOUND,False,2895,6f4b593be4f6bb126e51233052f5ed8f985ae0298fe994132c3ea8eb87f65e01,b83a6bb5a85fd23da9689b00af3b87f3cc2e8e81d1ba2f70e20f8979a5d95266,2,8,8
oracle,org.compiere.model.Query,getPO,(Ljava/sql/ResultSet;)Lorg/compiere/model/PO;,iDempiere application,iDempiere application,,UNBOUND,False,2895,79416558b84c7783924250df59efe0855b808e6547829a8c805276c7d48608fe,aa40a4e83287af8940d9e317924c5c040a10a303d566aa5c9d97f9e8c549a705,25,18,0
oracle,org.compiere.model.Query,list,()Ljava/util/List;,iDempiere application,iDempiere application,,UNBOUND,False,2895,79416558b84c7783924250df59efe0855b808e6547829a8c805276c7d48608fe,3b35174f37023ea2a624602f3f8c08dcd5edf9a6e66825d65535becf18735cee,25,18,0
oracle,org.compiere.model.X_C_BP_Group,<init>,(Ljava/util/Properties;ILjava/lang/String;)V,iDempiere application,iDempiere application,,UNBOUND,False,2895,a7c9fb9b018ce51ded67b1263fc76acd6642089c3c4f677819512e1d097dfe53,79c0ade6aa81c4d6685c47339a9fd3a3b150abef3caf589306c90799301f42b7,2,4,0
oracle,org.compiere.model.X_C_BP_Group,initPO,(Ljava/util/Properties;)Lorg/compiere/model/POInfo;,iDempiere application,iDempiere application,,UNBOUND,False,2895,a7c9fb9b018ce51ded67b1263fc76acd6642089c3c4f677819512e1d097dfe53,bc2e284b6762301b88940c1c26c7b3c9e8653fe22dbba28ab7ef5e11c638cf04,2,4,0
oracle,org.compiere.model.X_C_DocType,<init>,(Ljava/util/Properties;ILjava/lang/String;)V,iDempiere application,iDempiere application,,UNBOUND,False,2895,2d2684e71bf7c0f3de5f5eda7608e86418869cd64e647c64a104077c7dff91cf,4ef4042e8c0a967e934120b6c23168a44d9676d5dbfeae7a7315a17905f0a3b9,18,1,0
oracle,org.compiere.model.X_C_DocType,initPO,(Ljava/util/Properties;)Lorg/compiere/model/POInfo;,iDempiere application,iDempiere application,,UNBOUND,False,2895,2d2684e71bf7c0f3de5f5eda7608e86418869cd64e647c64a104077c7dff91cf,b61be8dbf8127e94cb916aaa4a0900a9a826c31abd247e2271a889f484e0deb6,18,1,0
oracle,org.compiere.model.X_C_Invoice,<init>,(Ljava/util/Properties;ILjava/lang/String;[Ljava/lang/String;)V,iDempiere application,iDempiere application,,UNBOUND,False,2895,42c8302f0ae6e8ee58c24daf1477eae6b941bb804aadc257586e03e76dbf1a75,5fe4eea47562ce03a4974caac298b67af096df9266f3c071cd693bd723940019,88,111,0
oracle,org.compiere.model.X_C_Invoice,<init>,(Ljava/util/Properties;Ljava/sql/ResultSet;Ljava/lang/String;)V,iDempiere application,iDempiere application,,UNBOUND,False,2895,42c8302f0ae6e8ee58c24daf1477eae6b941bb804aadc257586e03e76dbf1a75,fa3be9b76be8d4a2f5d62383dfed5f11cda61110dcd6bac92596c71c5cd862fe,94,18,0
oracle,org.compiere.model.X_C_Payment,<init>,(Ljava/util/Properties;ILjava/lang/String;)V,iDempiere application,iDempiere application,,UNBOUND,False,2895,92ca1c2f389bc7780b15573fce24f6b5f0fa450c64c666014e926a1706dad752,f596759749bad90b2ddc783dcda4fc7f2c5b31cb646c7ace20b701416eaf0c68,131,3,0
oracle,org.compiere.model.X_C_Payment,initPO,(Ljava/util/Properties;)Lorg/compiere/model/POInfo;,iDempiere application,iDempiere application,,UNBOUND,False,2895,92ca1c2f389bc7780b15573fce24f6b5f0fa450c64c666014e926a1706dad752,8bf8e4051469e0a9e7acc25eacd82e009136aa8d3565d6eec3c6f40481f37608,131,3,0
oracle,org.compiere.model.X_M_InventoryLine,<init>,(Ljava/util/Properties;ILjava/lang/String;[Ljava/lang/String;)V,iDempiere application,iDempiere application,,UNBOUND,False,2895,162f80313ca459f61de5df95a8fcf16949ee767294faf118be88b1dc6b658cf0,daf865c08ec307276b21c953062403f1778f1dfe811867f0cfe33f07f55ee838,31,6,0
oracle,org.compiere.model.X_M_InventoryLine,<init>,(Ljava/util/Properties;Ljava/sql/ResultSet;Ljava/lang/String;)V,iDempiere application,iDempiere application,,UNBOUND,False,2895,162f80313ca459f61de5df95a8fcf16949ee767294faf118be88b1dc6b658cf0,212874d8713249716ee2a13e458a6a859e922e6ccc4d20ad27a17de681374a23,25,18,0
oracle,org.compiere.model.credit.CreditManagerPayment,checkCreditStatus,(Ljava/lang/String;)Lorg/adempiere/base/CreditStatus;,iDempiere application,iDempiere application,,UNBOUND,False,2895,32e77f830a6924475356ab7381d7f49be458715811609331a44845a8731258a7,c9b882b381dfca9bee613e74b7b05d9890162b69744bec02009d3bde6393ea72,137,9,0
oracle,org.compiere.process.DocumentEngine,completeIt,()Ljava/lang/String;,iDempiere application,iDempiere application,,UNBOUND,False,2895,ba1a3927c3e9fceab887a2986a596e386d8868b9fac39ffe9e4b444ed3418d3a,11cbee8e748ecd0d1c7518992e948b5b54aaae0be2170c6659af68c9429c24e8,31,18,0
oracle,org.compiere.process.DocumentEngine,postImmediate,(Ljava/util/Properties;IIIZLjava/lang/String;)Ljava/lang/String;,iDempiere application,iDempiere application,,UNBOUND,False,2895,ba1a3927c3e9fceab887a2986a596e386d8868b9fac39ffe9e4b444ed3418d3a,da5836655b41426feda003f678f4073c30c50203546b49b425edc3889d42b05a,37,172,0
oracle,org.compiere.process.DocumentEngine,postIt,()Z,iDempiere application,iDempiere application,,UNBOUND,False,2895,ba1a3927c3e9fceab887a2986a596e386d8868b9fac39ffe9e4b444ed3418d3a,8ef633fb6e767ecc9994a1d90fc1ba7c1072127eb5da721c1feb3b797850e435,37,149,0
oracle,org.compiere.process.DocumentEngine,prepareIt,()Ljava/lang/String;,iDempiere application,iDempiere application,,UNBOUND,False,2895,ba1a3927c3e9fceab887a2986a596e386d8868b9fac39ffe9e4b444ed3418d3a,35cf6aaa39555dd20290c9dc2cc3bb11045c5436abd326e2765c05ef6cfbeddd,143,9,0
oracle,org.compiere.process.DocumentEngine,processIt,(Ljava/lang/String;)Z,iDempiere application,iDempiere application,,UNBOUND,False,2895,ba1a3927c3e9fceab887a2986a596e386d8868b9fac39ffe9e4b444ed3418d3a,01f5e8a1b27e4347e489f3d5b493bb6dffc41fc207c31521cbbcdacef51ee5b8,31,281,0
oracle,org.compiere.process.DocumentEngine,processIt,(Ljava/lang/String;Ljava/lang/String;)Z,iDempiere application,iDempiere application,,UNBOUND,False,2895,ba1a3927c3e9fceab887a2986a596e386d8868b9fac39ffe9e4b444ed3418d3a,906bdcd723687a19ca469da3f6283fe5001a612588a1688e285572cf4a12027b,31,281,0
oracle,org.compiere.process.DocumentEngine,reverseCorrectIt,()Z,iDempiere application,iDempiere application,,UNBOUND,False,2895,ba1a3927c3e9fceab887a2986a596e386d8868b9fac39ffe9e4b444ed3418d3a,765001d5b697ea5cf65c622acb0d1532763916b5e78b1281283c2549ce5b92cc,236,82,0
oracle,org.compiere.process.ServerProcessCtl,process,(Lorg/compiere/process/ProcessInfo;Lorg/compiere/util/Trx;)Lorg/compiere/process/ServerProcessCtl;,iDempiere application,iDempiere application,,UNBOUND,False,2895,8757a23f61ac9dc932a337691784ac4396bd6100e29bfe36ac7314888205ebe2,f0bc57069e0fa5c16bdb5ea6bf0f09ae51d3201cc51db0e507692c67c9bdc7e8,25,247,0
oracle,org.compiere.process.ServerProcessCtl,process,(Lorg/compiere/process/ProcessInfo;Lorg/compiere/util/Trx;Z)Lorg/compiere/process/ServerProcessCtl;,iDempiere application,iDempiere application,,UNBOUND,False,2895,8757a23f61ac9dc932a337691784ac4396bd6100e29bfe36ac7314888205ebe2,15d0560af1477330cd46f88cec103be6340b5f768e61710c978bcf04c64fede7,25,247,0
oracle,org.compiere.process.ServerProcessCtl,run,()V,iDempiere application,iDempiere application,,UNBOUND,False,2895,8757a23f61ac9dc932a337691784ac4396bd6100e29bfe36ac7314888205ebe2,2e4b22b5c74a7ca8334c61b5e50e6a316b459210b79fd294a2a0c9ba38e86beb,25,247,0
oracle,org.compiere.process.ServerProcessCtl,startWorkflow,(I)Z,iDempiere application,iDempiere application,,UNBOUND,False,2895,8757a23f61ac9dc932a337691784ac4396bd6100e29bfe36ac7314888205ebe2,4b084f0f6987ea0f2b8a0c57eb66a1b10653e0f97444b4288f9c25b063d97ff5,25,247,0
oracle,org.compiere.util.DB,executeUpdate,(Ljava/lang/String;Ljava/lang/String;)I,iDempiere application,iDempiere application,,BOUND-MATCH,True,2895,0dad094d0ff32ceb2a4b35273e00b303e0eedc714acef439f6361b17aeb189b4,c48a90d5cce0f6b7e7b2b4862eaec66f4d1dc7a86462c73194061a114944be55,40,34,0
oracle,org.compiere.util.Trx,rollback,(Ljava/sql/Savepoint;)Z,iDempiere application,iDempiere application,,UNBOUND,False,2895,8ed72d9da988eb857bf286a454708f26e39dc0c37ac7b23012a9ce9a09f43e98,49677e9b9a27dafc831a4d4c842df4beef90c72fded936cc2b5c2fe83f1e4ab5,50,3,0
oracle,org.compiere.wf.MWFActivity,getPO,(Lorg/compiere/util/Trx;)Lorg/compiere/model/PO;,iDempiere application,iDempiere application,,UNBOUND,False,2895,5804924407f15dd1ffe7bb91407ff05fc3039af552dd39c8c11f4d3613d3adcb,9cb7234d69dc6be2697f53c055aa40a3612a7ab7b928b0c93f59ce721365f7b6,88,24,0
oracle,org.compiere.wf.MWFActivity,getPO_AD_Client_ID,()I,iDempiere application,iDempiere application,,UNBOUND,False,2895,5804924407f15dd1ffe7bb91407ff05fc3039af552dd39c8c11f4d3613d3adcb,5ae9587a51e2e7829bcfa6eba319dca7245048420ec1657458c1185ebce97e0e,88,24,0
oracle,org.compiere.wf.MWFActivity,performWork,(Lorg/compiere/util/Trx;)Z,iDempiere application,iDempiere application,,UNBOUND,False,2895,5804924407f15dd1ffe7bb91407ff05fc3039af552dd39c8c11f4d3613d3adcb,107cd86cb3370f51f5a81fa53ba66bfda873a4cab5193bad18da1d66302df9e8,31,217,0
oracle,org.compiere.wf.MWFActivity,run,()V,iDempiere application,iDempiere application,,UNBOUND,False,2895,5804924407f15dd1ffe7bb91407ff05fc3039af552dd39c8c11f4d3613d3adcb,da2d0b720979ad4caf104180ec7f451b3d456bdd115c2a351e91ff2e13c4cd07,31,614,0
oracle,org.compiere.wf.MWFActivity,setWFState,(Ljava/lang/String;)V,iDempiere application,iDempiere application,,UNBOUND,False,2895,5804924407f15dd1ffe7bb91407ff05fc3039af552dd39c8c11f4d3613d3adcb,3e6572e16aedf0a8346af056ce95698dea84ac6a9c01e5fc42a0a220a8ec4a9a,31,397,0
oracle,org.compiere.wf.MWFProcess,<init>,(Lorg/compiere/wf/MWorkflow;Lorg/compiere/process/ProcessInfo;Ljava/lang/String;)V,iDempiere application,iDempiere application,,UNBOUND,False,2895,b9f16d8ec503ce52c614e1a1caee7c056f3e524f76b60025707eefd13a193817,15499103de02b48008b50fe27ca2c3020a69cee0b42831c2fc7403d5d14e1d5f,25,6,0
oracle,org.compiere.wf.MWFProcess,checkActivities,(Ljava/lang/String;Lorg/compiere/model/PO;)V,iDempiere application,iDempiere application,,UNBOUND,False,2895,b9f16d8ec503ce52c614e1a1caee7c056f3e524f76b60025707eefd13a193817,18ff69d2bcb299c6d20f540391c2bdfc7a25575813aa5fdd850685ae34893c56,31,397,0
oracle,org.compiere.wf.MWFProcess,setTextMsg,(Lorg/compiere/model/PO;)V,iDempiere application,iDempiere application,,UNBOUND,False,2895,b9f16d8ec503ce52c614e1a1caee7c056f3e524f76b60025707eefd13a193817,8bbcc51b947d94215b3441f41290019e79427ccbbad742452425f3d57108b92e,25,6,0
oracle,org.compiere.wf.MWFProcess,startNext,(Lorg/compiere/wf/MWFActivity;[Lorg/compiere/wf/MWFActivity;Lorg/compiere/model/PO;Ljava/lang/String;)Z,iDempiere application,iDempiere application,,UNBOUND,False,2895,b9f16d8ec503ce52c614e1a1caee7c056f3e524f76b60025707eefd13a193817,642381a27641d2d986473cf844f7488fa27838b281ac84a9597f619e5e143e34,31,397,0
oracle,org.compiere.wf.MWFProcess,startWork,()Z,iDempiere application,iDempiere application,,UNBOUND,False,2895,b9f16d8ec503ce52c614e1a1caee7c056f3e524f76b60025707eefd13a193817,0c345b395009223dc915bd298f94d6729cbe2a8c635ebd94df77a89c8b238a43,31,241,0
oracle,org.compiere.wf.MWorkflow,runDocumentActionWorkflow,(Lorg/compiere/model/PO;Ljava/lang/String;)Lorg/compiere/process/ProcessInfo;,iDempiere application,iDempiere application,,UNBOUND,False,2895,4079ca9174254319bce053a60f1145580b8d2f6ceceb57f3c86bf60a174de7f6,024c7d89be9e91734bae7342addc6b67db7f4af4e033dd97bfa8483d2e10d509,25,247,0
oracle,org.compiere.wf.MWorkflow,start,(Lorg/compiere/process/ProcessInfo;Ljava/lang/String;)Lorg/compiere/wf/MWFProcess;,iDempiere application,iDempiere application,,UNBOUND,False,2895,4079ca9174254319bce053a60f1145580b8d2f6ceceb57f3c86bf60a174de7f6,a0db335edb33e25854b481256efb3ad33cebdc4d5625c2a28c6a12c109b53b8f,25,247,0
oracle,org.eclipse.core.runtime.adaptor.EclipseStarter,run,(Ljava/lang/Object;)Ljava/lang/Object;,OSGi/Tycho/JUnit framework,OSGi/Tycho/JUnit framework,,UNBOUND,False,1144,dc819f223b70713591194f608ca71b00557a63adc858bb3adacd5c2295e7ca38,3defa0ca4a1363ffb67bce086a4087d2e2bdd15e1a7128635923d7d22f38300d,2,349,0
oracle,org.eclipse.core.runtime.adaptor.EclipseStarter,run,([Ljava/lang/String;Ljava/lang/Runnable;)Ljava/lang/Object;,OSGi/Tycho/JUnit framework,OSGi/Tycho/JUnit framework,,UNBOUND,False,1144,dc819f223b70713591194f608ca71b00557a63adc858bb3adacd5c2295e7ca38,d1ca9ec97544caada7ebd344d923520ff704e2e8e87d052b115e2f12e46ecb8c,2,349,0
oracle,org.eclipse.core.runtime.internal.adaptor.EclipseAppLauncher,runApplication,(Ljava/lang/Object;)Ljava/lang/Object;,OSGi/Tycho/JUnit framework,OSGi/Tycho/JUnit framework,,UNBOUND,False,1144,e522f8dc36dd8ead0f41d40256df3de46a4299ecfcf3c1cb7cc62f005c8b6377,ca62570505b53a9c96fa447ef2b46260d4e5ba34603dd49017e03e7849885d51,2,349,0
oracle,org.eclipse.core.runtime.internal.adaptor.EclipseAppLauncher,start,(Ljava/lang/Object;)Ljava/lang/Object;,OSGi/Tycho/JUnit framework,OSGi/Tycho/JUnit framework,,UNBOUND,False,1144,e522f8dc36dd8ead0f41d40256df3de46a4299ecfcf3c1cb7cc62f005c8b6377,60c27daf90bbf3ada24be8e7cf290b3a33dff4504aec2f4b7e433f631d19496d,2,349,0
oracle,org.eclipse.equinox.internal.app.EclipseAppHandle,run,(Ljava/lang/Object;)Ljava/lang/Object;,OSGi/Tycho/JUnit framework,OSGi/Tycho/JUnit framework,,UNBOUND,False,5098,d246011db6f8da3190317a226b4f4b6c56d47cf09caa51946ecdb1c71aaf2e7a,b61c807c7659f75ac25d91f83f0874bb776fe2fa38c8a56aa02ef46b49ded86b,2,349,0
oracle,org.eclipse.equinox.launcher.Main,basicRun,([Ljava/lang/String;)V,OSGi/Tycho/JUnit framework,OSGi/Tycho/JUnit framework,,UNBOUND,False,1099,43f8f85b914f7b7f7f5fc1039445afdefd0499ffb5c1f42311397a1919c393c5,e3b71d116f45e33bf6bf8ae9aa0a92d275c317e8465b857b28840863c065cfaf,2,349,0
oracle,org.eclipse.equinox.launcher.Main,invokeFramework,([Ljava/lang/String;[Ljava/net/URL;)V,OSGi/Tycho/JUnit framework,OSGi/Tycho/JUnit framework,,UNBOUND,False,1099,43f8f85b914f7b7f7f5fc1039445afdefd0499ffb5c1f42311397a1919c393c5,8a42faac7839f0227d8e6b2f6829dca74879d7423f32409fad8d6d15ac0361f1,2,349,0
oracle,org.eclipse.equinox.launcher.Main,main,([Ljava/lang/String;)V,OSGi/Tycho/JUnit framework,OSGi/Tycho/JUnit framework,,UNBOUND,False,1099,43f8f85b914f7b7f7f5fc1039445afdefd0499ffb5c1f42311397a1919c393c5,f51a8aee0a16b43b95d85ad3308d2080dba4065593a42626c14dfa7525734c58,2,349,0
oracle,org.eclipse.equinox.launcher.Main,run,([Ljava/lang/String;)I,OSGi/Tycho/JUnit framework,OSGi/Tycho/JUnit framework,,UNBOUND,False,1099,43f8f85b914f7b7f7f5fc1039445afdefd0499ffb5c1f42311397a1919c393c5,510105f4bdd2790f897ace3386b2e25acd9a4fdc394a8569960758284a724ec1,2,349,0
oracle,org.eclipse.osgi.internal.framework.BundleContextImpl,getService,(Lorg/osgi/framework/ServiceReference;)Ljava/lang/Object;,OSGi/Tycho/JUnit framework,OSGi/Tycho/JUnit framework,,UNBOUND,False,1144,df710e54c036fd3fffbc7bcf4b19863eed7b68c45d4e425a77b21c8bc67b96d4,ef39ab6bb070b8f59494805cecd6657cd40dd77c1b9c0c9b4f1c0475f189ebd0,37,4,0
oracle,org.eclipse.osgi.internal.serviceregistry.ServiceConsumer$2,getService,(Lorg/eclipse/osgi/internal/serviceregistry/ServiceUse;)Ljava/lang/Object;,OSGi/Tycho/JUnit framework,OSGi/Tycho/JUnit framework,,UNBOUND,False,1144,7e2469e614b7910505c8ce2eb13ed888be6a582957afe9f1c7944bf454a5c275,f919ea606fe9cdd483648a5f1dd2890a15ac0866ace33e4bc020a2bda489ba43,37,4,0
oracle,org.eclipse.osgi.internal.serviceregistry.ServiceFactoryUse,factoryGetService,()Ljava/lang/Object;,OSGi/Tycho/JUnit framework,OSGi/Tycho/JUnit framework,,UNBOUND,False,1144,8da9489991a846a37958e17b1cf105c5dc5cee664716a79cd999f30f397d3d3f,fbdffca01ab1ab6e5fff3481968d7b8515e78d74e3f2fcea6b06e5c182492d74,37,4,0
oracle,org.eclipse.osgi.internal.serviceregistry.ServiceFactoryUse,getService,()Ljava/lang/Object;,OSGi/Tycho/JUnit framework,OSGi/Tycho/JUnit framework,,UNBOUND,False,1144,8da9489991a846a37958e17b1cf105c5dc5cee664716a79cd999f30f397d3d3f,e8d8b2b7b734de655191c180c113dfbf4a61fad23f13eadafe0cb07a56aa8c41,37,4,0
oracle,org.eclipse.osgi.internal.serviceregistry.ServiceFactoryUse$1,run,()Ljava/lang/Object;,OSGi/Tycho/JUnit framework,OSGi/Tycho/JUnit framework,,UNBOUND,False,1144,04fa4ee44cd325d769a34f5e63240f1d1a69899a9f316e84ed9f6a0acf2d65f7,17d5ec331705898e13c0a38e49af91729b123723d1f218757769c0aec9b259bd,37,4,0
oracle,org.eclipse.osgi.internal.serviceregistry.ServiceRegistrationImpl,getService,(Lorg/eclipse/osgi/internal/framework/BundleContextImpl;Lorg/eclipse/osgi/internal/serviceregistry/ServiceConsumer;)Ljava/lang/Object;,OSGi/Tycho/JUnit framework,OSGi/Tycho/JUnit framework,,UNBOUND,False,1144,99034408ad67719f5c8b8e523541f55db2189fad8d93b0e1edda3e901680ff82,bb987b62c409b9017eaf4127a63fadba382f103dc0a65a34a1d25b05b5aefc0d,37,4,0
oracle,org.eclipse.osgi.internal.serviceregistry.ServiceRegistry,getService,(Lorg/eclipse/osgi/internal/framework/BundleContextImpl;Lorg/eclipse/osgi/internal/serviceregistry/ServiceReferenceImpl;)Ljava/lang/Object;,OSGi/Tycho/JUnit framework,OSGi/Tycho/JUnit framework,,UNBOUND,False,1144,d0d0894bded078d28e69fcbdab798f25bdd68af35bcafc4152d3c7f42fd6f5a7,b283664bcb7a76bca04299c0d802a0eab7886ab236fa991e389111199bf00ddf,37,4,0
oracle,org.eclipse.tycho.surefire.osgibooter.HeadlessTestApplication,start,(Lorg/eclipse/equinox/app/IApplicationContext;)Ljava/lang/Object;,OSGi/Tycho/JUnit framework,OSGi/Tycho/JUnit framework,,UNBOUND,False,5192,53cd382b7cba4e2105d5aa45c25a1b192eee813600c44604c03f8591a07e5ef5,b6fe09e39bf7544864c04e5ee60f747f019bc134c41767f124245b10cbfd5fec,2,349,0
oracle,org.eclipse.tycho.surefire.osgibooter.OsgiSurefireBooter,run,([Ljava/lang/String;Ljava/util/Properties;)I,OSGi/Tycho/JUnit framework,OSGi/Tycho/JUnit framework,,UNBOUND,False,5192,9bf13f35e1e8d19668ddb40cbbf833bd1cbdc14a2b959816e914b3cb87640bc5,222e2b3dc79d45f89d5a796c79047fd26da5365ba2b1c1e210d9c3c096b27d7a,2,349,0
oracle,org.idempiere.test.JourneySupport,postOnce,(Lorg/compiere/model/PO;[Lorg/compiere/model/MAcctSchema;)V,support,support,,BOUND-MATCH,True,6117,84ba2ff81c898a75bf7276438bfa53225ed1a25c6ee9260b7593cc4c2e0731ca,1c56c963befbd5c6dd84853bafd84fa5f84f734ebdd3e148ab773c184fff1b91,123,25,0
oracle,org.idempiere.test.JourneySupport,transaction,(Ljava/lang/String;Lorg/idempiere/test/JourneySupport$TransactionBody;)Ljava/lang/Object;,support,support,,BOUND-MATCH,True,6117,84ba2ff81c898a75bf7276438bfa53225ed1a25c6ee9260b7593cc4c2e0731ca,7233e61100dafa59eda61edf90a90fe764e5ab5c1d7404b58fad0a3a77a7345f,344,3,2
oracle,org.idempiere.test.LightyearOperationsTest,action,(Lorg/compiere/model/PO;Ljava/lang/String;)V,candidate,candidate,,BOUND-MATCH,True,6117,aa5d78e35e6c0bda00e12e8f5fd39690b36b7400d929ba5c11b6c5c5aae8c164,b8781d42c8c7c9af3b141a39c9299e32926744718b61f2a1b6c351913365cbff,25,256,0
oracle,org.idempiere.test.LightyearOperationsTest,complete,(Ljava/lang/String;Lorg/compiere/model/PO;)V,candidate,candidate,,BOUND-MATCH,True,6117,aa5d78e35e6c0bda00e12e8f5fd39690b36b7400d929ba5c11b6c5c5aae8c164,b759bc9087beb3ceba912eae465521be9d22ef634288062693e0f374b5eb2aba,25,165,0
oracle,org.idempiere.test.LightyearOperationsTest,lambda$1,(Ljava/util/Properties;Lorg/compiere/model/MBPartner;Ljava/lang/String;)Ljava/lang/Object;,candidate,candidate,,BOUND-MATCH,True,6117,aa5d78e35e6c0bda00e12e8f5fd39690b36b7400d929ba5c11b6c5c5aae8c164,8d11973b2750330a2dc7b51d4fa7626ae840c5deb2125f8da52f7a0f4d20ccbb,344,1,0
oracle,org.idempiere.test.LightyearOperationsTest,operationsJourney,()V,candidate,candidate,,BOUND-MATCH,True,6117,aa5d78e35e6c0bda00e12e8f5fd39690b36b7400d929ba5c11b6c5c5aae8c164,241dfbb0cea76f872c76a15fb7819185d5016e226c8178d84ba948159b5e9c0a,2,348,0
oracle,org.idempiere.test.LightyearOperationsTest,post,(Lorg/compiere/model/PO;[Lorg/compiere/model/MAcctSchema;)V,candidate,candidate,,BOUND-MATCH,True,6117,aa5d78e35e6c0bda00e12e8f5fd39690b36b7400d929ba5c11b6c5c5aae8c164,f2a1d59021fd69978185a27e5ad9c1a963c151076fbdaee1c126e016a9ec2bd4,123,25,0
oracle,org.idempiere.test.LightyearOperationsTest,postAllocations,(Ljava/util/Properties;ILjava/lang/String;[Lorg/compiere/model/MAcctSchema;)V,candidate,candidate,,BOUND-MATCH,True,6117,aa5d78e35e6c0bda00e12e8f5fd39690b36b7400d929ba5c11b6c5c5aae8c164,06db56ea1b3c1b6301956aed990ee62ef4b1c807792edb1cdf8527ba44bdf0ab,332,6,0
oracle,org.idempiere.test.LightyearOperationsTest,recovery,(Ljava/util/Properties;Lorg/compiere/model/MBPartner;)V,candidate,candidate,,BOUND-MATCH,True,6117,aa5d78e35e6c0bda00e12e8f5fd39690b36b7400d929ba5c11b6c5c5aae8c164,c2c21b6998df152fbf27d4fc730115a985c9f3ece90a33d368d992c64a13f70a,344,3,1
oracle,org.idempiere.test.LightyearOperationsTest$$Lambda/0x000076e130b23838,run,(Ljava/lang/String;)Ljava/lang/Object;,generated/hidden,candidate,lambda/hidden-name,UNBOUND,True,6117,3863e30308ebe4c9446f44cec784e6800d3c40a141fd9762a08c0b3f0976544f,56191993575c635aa09718dffa9c6e7ea6e6fe790173bddd72a828f683f8afc6,344,1,0
oracle,org.junit.jupiter.engine.descriptor.TestMethodTestDescriptor,execute,(Lorg/junit/jupiter/engine/execution/JupiterEngineExecutionContext;Lorg/junit/platform/engine/support/hierarchical/Node$DynamicTestExecutor;)Lorg/junit/jupiter/engine/execution/JupiterEngineExecutionContext;,OSGi/Tycho/JUnit framework,OSGi/Tycho/JUnit framework,,BOUND-MATCH,True,5192,cd41deed0f3da55604f480c6e3e0aa437ebdf683223f4e574bfcc65c2035e4af,80b14d2d0e2877ffabe18a04e83a6714043cd6d8086e86a1ad804ab8275d8946,2,348,0
oracle,org.junit.jupiter.engine.descriptor.TestMethodTestDescriptor,execute,(Lorg/junit/platform/engine/support/hierarchical/EngineExecutionContext;Lorg/junit/platform/engine/support/hierarchical/Node$DynamicTestExecutor;)Lorg/junit/platform/engine/support/hierarchical/EngineExecutionContext;,OSGi/Tycho/JUnit framework,OSGi/Tycho/JUnit framework,,BOUND-MATCH,True,5192,cd41deed0f3da55604f480c6e3e0aa437ebdf683223f4e574bfcc65c2035e4af,83ebeb0a1acd7ac044cefe89574da601af8f58019add387236767723f76d72df,2,348,0
oracle,org.junit.jupiter.engine.descriptor.TestMethodTestDescriptor,invokeTestMethod,(Lorg/junit/jupiter/engine/execution/JupiterEngineExecutionContext;Lorg/junit/platform/engine/support/hierarchical/Node$DynamicTestExecutor;)V,OSGi/Tycho/JUnit framework,OSGi/Tycho/JUnit framework,,BOUND-MATCH,True,5192,cd41deed0f3da55604f480c6e3e0aa437ebdf683223f4e574bfcc65c2035e4af,dabaa29b2de2b8cd20f5747ba1ef5f77713e17f2985d026b4095596efad1b0c0,2,348,0
oracle,org.junit.jupiter.engine.descriptor.TestMethodTestDescriptor,lambda$invokeTestMethod$7,(Lorg/junit/jupiter/api/extension/ExtensionContext;Lorg/junit/jupiter/engine/execution/JupiterEngineExecutionContext;)V,OSGi/Tycho/JUnit framework,OSGi/Tycho/JUnit framework,,BOUND-MATCH,True,5192,cd41deed0f3da55604f480c6e3e0aa437ebdf683223f4e574bfcc65c2035e4af,388683a1d37460f794c6b3e8c4809dc3f04789ce97e4c0abd650e87c6cab23be,2,348,0
oracle,org.junit.jupiter.engine.descriptor.TestMethodTestDescriptor$$Lambda/0x000076e1305faa00,apply,(Lorg/junit/jupiter/api/extension/InvocationInterceptor;Lorg/junit/jupiter/api/extension/InvocationInterceptor$Invocation;Lorg/junit/jupiter/api/extension/ReflectiveInvocationContext;Lorg/junit/jupiter/api/extension/ExtensionContext;)V,generated/hidden,OSGi/Tycho/JUnit framework,lambda/hidden-name,UNBOUND,True,5192,0f42e59ff928ccdf3e9562dc72bfd2fcb66a8a709c8388537df50020b6d5a2bc,c67d79a587ebbebcbee266796e51dad7c8ccdc919d01d83c20b47a9fcd34b79f,2,348,0
oracle,org.junit.jupiter.engine.descriptor.TestMethodTestDescriptor$$Lambda/0x000076e130aa2000,execute,()V,generated/hidden,OSGi/Tycho/JUnit framework,lambda/hidden-name,UNBOUND,True,5192,4ec7493123b05885d460b513ffbe120c46068e7ddd7f9bcf430578a443de172c,ba8e8603a1fabfa00f65d8ec24e3252e7e838f7a5289a13c13679585d6c6d68f,2,348,0
oracle,org.junit.jupiter.engine.execution.InterceptingExecutableInvoker,invoke,(Ljava/lang/reflect/Method;Ljava/lang/Object;Lorg/junit/jupiter/api/extension/ExtensionContext;Lorg/junit/jupiter/engine/extension/ExtensionRegistry;Lorg/junit/jupiter/engine/execution/InterceptingExecutableInvoker$ReflectiveInterceptorCall;)Ljava/lang/Object;,OSGi/Tycho/JUnit framework,OSGi/Tycho/JUnit framework,,BOUND-MATCH,True,5192,085d2b2e1497f6005cc655703aaf52d7bebb829ad58861df96aaca138106c18d,cdf54a5cb6bbe7d4f7f2bab4256bc574f4396a9664038046eec629ffe1f648f8,2,348,0
oracle,org.junit.jupiter.engine.execution.InterceptingExecutableInvoker,invoke,(Lorg/junit/jupiter/api/extension/InvocationInterceptor$Invocation;Lorg/junit/jupiter/api/extension/ReflectiveInvocationContext;Lorg/junit/jupiter/api/extension/ExtensionContext;Lorg/junit/jupiter/engine/extension/ExtensionRegistry;Lorg/junit/jupiter/engine/execution/InterceptingExecutableInvoker$ReflectiveInterceptorCall;)Ljava/lang/Object;,OSGi/Tycho/JUnit framework,OSGi/Tycho/JUnit framework,,BOUND-MATCH,True,5192,085d2b2e1497f6005cc655703aaf52d7bebb829ad58861df96aaca138106c18d,85a32a1e342919fa7d44f1f9a067d9532aace571a95685919e98a2d9f2ab0892,2,348,0
oracle,org.junit.jupiter.engine.execution.InterceptingExecutableInvoker,lambda$invoke$0,(Lorg/junit/jupiter/engine/execution/InterceptingExecutableInvoker$ReflectiveInterceptorCall;Lorg/junit/jupiter/api/extension/ReflectiveInvocationContext;Lorg/junit/jupiter/api/extension/ExtensionContext;Lorg/junit/jupiter/api/extension/InvocationInterceptor;Lorg/junit/jupiter/api/extension/InvocationInterceptor$Invocation;)Ljava/lang/Object;,OSGi/Tycho/JUnit framework,OSGi/Tycho/JUnit framework,,BOUND-MATCH,True,5192,085d2b2e1497f6005cc655703aaf52d7bebb829ad58861df96aaca138106c18d,c8689000f03d75398a4f1f3ffe08ff8da873f9c5b0f15043d3c4874c652ed625,2,348,0
oracle,org.junit.jupiter.engine.execution.InterceptingExecutableInvoker$$Lambda/0x000076e13062afd0,apply,(Lorg/junit/jupiter/api/extension/InvocationInterceptor;Lorg/junit/jupiter/api/extension/InvocationInterceptor$Invocation;)Ljava/lang/Object;,generated/hidden,OSGi/Tycho/JUnit framework,lambda/hidden-name,UNBOUND,True,5192,3f406bb2c0a81ea716ab03b7eebf14be631a428350d17c20df0581d268d626e0,0bfe97459aafd15781806976931de7127aff4f8c5d5c0a9e63526412808fa091,2,348,0
oracle,org.junit.jupiter.engine.execution.InterceptingExecutableInvoker$ReflectiveInterceptorCall,lambda$ofVoidMethod$0,(Lorg/junit/jupiter/engine/execution/InterceptingExecutableInvoker$ReflectiveInterceptorCall$VoidMethodInterceptorCall;Lorg/junit/jupiter/api/extension/InvocationInterceptor;Lorg/junit/jupiter/api/extension/InvocationInterceptor$Invocation;Lorg/junit/jupiter/api/extension/ReflectiveInvocationContext;Lorg/junit/jupiter/api/extension/ExtensionContext;)Ljava/lang/Void;,OSGi/Tycho/JUnit framework,OSGi/Tycho/JUnit framework,,BOUND-MATCH,True,5192,e9a1a8d169c95f9b777b32b7f6f8d166c049e397570318aa05738c69e94422f3,45351b9ef2f615ef6014a5b34378a4ecb472cc57c400fb003fbee67c7440f40e,2,348,0
oracle,org.junit.jupiter.engine.execution.InterceptingExecutableInvoker$ReflectiveInterceptorCall$$Lambda/0x000076e1305fae20,apply,(Lorg/junit/jupiter/api/extension/InvocationInterceptor;Lorg/junit/jupiter/api/extension/InvocationInterceptor$Invocation;Lorg/junit/jupiter/api/extension/ReflectiveInvocationContext;Lorg/junit/jupiter/api/extension/ExtensionContext;)Ljava/lang/Object;,generated/hidden,OSGi/Tycho/JUnit framework,lambda/hidden-name,UNBOUND,True,5192,be1db2837ab1c44e21dd2c3687f51596b91eadb7bf24eb7a8ac5fed68f1a0bd0,04eb88786c1044daeb70e88660b1a12cd4a83b7b960036c67dd999a4a01b5768,2,348,0
oracle,org.junit.jupiter.engine.execution.InvocationInterceptorChain,chainAndInvoke,(Lorg/junit/jupiter/api/extension/InvocationInterceptor$Invocation;Lorg/junit/jupiter/engine/execution/InvocationInterceptorChain$InterceptorCall;Ljava/util/List;)Ljava/lang/Object;,OSGi/Tycho/JUnit framework,OSGi/Tycho/JUnit framework,,BOUND-MATCH,True,5192,c1f6972d03a4a40c13fcabfb16439c9d02298c5350bff5d3909019615b89f6c6,153c6779c3df9854d61dee7e6f8451f4e61fcba4d2d4976ca8cdb19f22e4c915,2,348,0
oracle,org.junit.jupiter.engine.execution.InvocationInterceptorChain,invoke,(Lorg/junit/jupiter/api/extension/InvocationInterceptor$Invocation;Lorg/junit/jupiter/engine/extension/ExtensionRegistry;Lorg/junit/jupiter/engine/execution/InvocationInterceptorChain$InterceptorCall;)Ljava/lang/Object;,OSGi/Tycho/JUnit framework,OSGi/Tycho/JUnit framework,,BOUND-MATCH,True,5192,c1f6972d03a4a40c13fcabfb16439c9d02298c5350bff5d3909019615b89f6c6,18c314ed0f0e6d3c95e33f256f0ca8fdae28a75966470f663dece3c7fcf5fbcb,2,348,0
oracle,org.junit.jupiter.engine.execution.InvocationInterceptorChain,proceed,(Lorg/junit/jupiter/api/extension/InvocationInterceptor$Invocation;)Ljava/lang/Object;,OSGi/Tycho/JUnit framework,OSGi/Tycho/JUnit framework,,BOUND-MATCH,True,5192,c1f6972d03a4a40c13fcabfb16439c9d02298c5350bff5d3909019615b89f6c6,9d41e4294c2df79ea78109baa5cd2a48378b41fdd9e74d50762285ea26c909f5,2,348,0
oracle,org.junit.jupiter.engine.execution.InvocationInterceptorChain$InterceptedInvocation,proceed,()Ljava/lang/Object;,OSGi/Tycho/JUnit framework,OSGi/Tycho/JUnit framework,,BOUND-MATCH,True,5192,5efd229b6b23443b48cc3687b747e74c8e35e342ac9b765e8bd134294139747d,8ebe39587d428ba63fb2900fe755af97ac0cce780f91e769ca9f27f2b99f6eb1,2,348,0
oracle,org.junit.jupiter.engine.execution.InvocationInterceptorChain$ValidatingInvocation,proceed,()Ljava/lang/Object;,OSGi/Tycho/JUnit framework,OSGi/Tycho/JUnit framework,,BOUND-MATCH,True,5192,f392f41f42fbb571f4cc638fef8a64c1b2e7c9254e47d2b25798f47ba704492f,d9ac0fe6ca4721c3c629c03b10dd0d30129a093d548cdbce31403fdc237d57ed,2,348,0
oracle,org.junit.jupiter.engine.execution.MethodInvocation,proceed,()Ljava/lang/Object;,OSGi/Tycho/JUnit framework,OSGi/Tycho/JUnit framework,,BOUND-MATCH,True,5192,c11adef39a9b86ca73d77e4999dce063b6ed1e73b9ffc5aae545fc21519ca01b,27ab4cb1e98e5d6447c307c12b6eb9ddb8400c5d37043f4f2ea2d776f85d5aed,2,348,0
oracle,org.junit.jupiter.engine.extension.TimeoutExtension,intercept,(Lorg/junit/jupiter/api/extension/InvocationInterceptor$Invocation;Lorg/junit/jupiter/api/extension/ReflectiveInvocationContext;Lorg/junit/jupiter/api/extension/ExtensionContext;Lorg/junit/jupiter/engine/extension/TimeoutDuration;Lorg/junit/jupiter/engine/extension/TimeoutExtension$TimeoutProvider;)Ljava/lang/Object;,OSGi/Tycho/JUnit framework,OSGi/Tycho/JUnit framework,,BOUND-MATCH,True,5192,00e9f76bf978324e34bfeaee974778715a434231f73a9f9b3eb5f600df7e7af9,8cdd1a3bde543e55a98a354e21b7856fd14dd0088aec7fe47bb777ea0927e1c9,2,348,0
oracle,org.junit.jupiter.engine.extension.TimeoutExtension,interceptTestMethod,(Lorg/junit/jupiter/api/extension/InvocationInterceptor$Invocation;Lorg/junit/jupiter/api/extension/ReflectiveInvocationContext;Lorg/junit/jupiter/api/extension/ExtensionContext;)V,OSGi/Tycho/JUnit framework,OSGi/Tycho/JUnit framework,,BOUND-MATCH,True,5192,00e9f76bf978324e34bfeaee974778715a434231f73a9f9b3eb5f600df7e7af9,78686338d996548d84b5a43c8eb71a5bacc429d73fc4a95f19bd910fbe932056,2,348,0
oracle,org.junit.jupiter.engine.extension.TimeoutExtension,interceptTestableMethod,(Lorg/junit/jupiter/api/extension/InvocationInterceptor$Invocation;Lorg/junit/jupiter/api/extension/ReflectiveInvocationContext;Lorg/junit/jupiter/api/extension/ExtensionContext;Lorg/junit/jupiter/engine/extension/TimeoutExtension$TimeoutProvider;)Ljava/lang/Object;,OSGi/Tycho/JUnit framework,OSGi/Tycho/JUnit framework,,BOUND-MATCH,True,5192,00e9f76bf978324e34bfeaee974778715a434231f73a9f9b3eb5f600df7e7af9,01604b2cb52fb1613f3f88fbe754d80053168c79f9d1ce1b0278ae59a2dca93c,2,348,0
oracle,org.junit.platform.commons.util.ReflectionUtils,invokeMethod,(Ljava/lang/reflect/Method;Ljava/lang/Object;[Ljava/lang/Object;)Ljava/lang/Object;,OSGi/Tycho/JUnit framework,OSGi/Tycho/JUnit framework,,BOUND-MATCH,True,5192,5b90644b3eb9ab090593d221f8b1ead5beb8b1a91fa92e0b9564331847957fe2,cbb5d569ad062b12eb7e5b3708c3f3d865757c3aa32aa6c6fbfd3c223ff1af3e,2,348,0
oracle,org.junit.platform.engine.support.hierarchical.HierarchicalTestEngine,execute,(Lorg/junit/platform/engine/ExecutionRequest;)V,OSGi/Tycho/JUnit framework,OSGi/Tycho/JUnit framework,,BOUND-BUT-MISMATCH,True,5192,b6eb2698546644b688cf9fc195a7445dff77fea21a0de5125e5f929440e14411,4e8ecde35f3bcd89eb803b85bd50021fa3c61b7b9ea4394e7c2d78883072252d,2,349,0
oracle,org.junit.platform.engine.support.hierarchical.HierarchicalTestExecutor,execute,()Ljava/util/concurrent/Future;,OSGi/Tycho/JUnit framework,OSGi/Tycho/JUnit framework,,BOUND-MATCH,True,5192,87c6afcd267c6389062e0b1d9e83909e0e055137678f3dd4d33d3093b57bcbe1,42a56c1c11a22efde3d8105901db1bb415b1f82eeededd2cdf8f085983c7efe5,2,349,0
oracle,org.junit.platform.engine.support.hierarchical.Node,around,(Lorg/junit/platform/engine/support/hierarchical/EngineExecutionContext;Lorg/junit/platform/engine/support/hierarchical/Node$Invocation;)V,OSGi/Tycho/JUnit framework,OSGi/Tycho/JUnit framework,,BOUND-MATCH,True,5192,3ed0a782790b27e93fa33d4c2f0f763b3bafcd00860a74d6293587e1c94817ee,e78cbcf69738f93b109dad181bd4c91b01f9107bc3605673b7e681362a7973f5,2,1046,0
oracle,org.junit.platform.engine.support.hierarchical.NodeTestTask,execute,()V,OSGi/Tycho/JUnit framework,OSGi/Tycho/JUnit framework,,BOUND-MATCH,True,5192,e6e7895e1624bfcbfbfe8017d6e51dd17fbafd3233e4b1e7758705cd79a7aa11,7a361ec32defccfdfa9551704a863853ebf48fef842d5d786bfe826975369fa7,2,1047,0
oracle,org.junit.platform.engine.support.hierarchical.NodeTestTask,executeRecursively,()V,OSGi/Tycho/JUnit framework,OSGi/Tycho/JUnit framework,,BOUND-MATCH,True,5192,e6e7895e1624bfcbfbfe8017d6e51dd17fbafd3233e4b1e7758705cd79a7aa11,5ea29ccf7db69934fbcb7574ee684bfb0a997b536722b47dd9487c1fab9c24ae,2,1046,0
oracle,org.junit.platform.engine.support.hierarchical.NodeTestTask,lambda$executeRecursively$6,()V,OSGi/Tycho/JUnit framework,OSGi/Tycho/JUnit framework,,BOUND-MATCH,True,5192,e6e7895e1624bfcbfbfe8017d6e51dd17fbafd3233e4b1e7758705cd79a7aa11,528717e729ad1a7ecd78ca00a1110c13045d3e21203d2f985aa84e7ef6886282,2,1046,0
oracle,org.junit.platform.engine.support.hierarchical.NodeTestTask,lambda$executeRecursively$8,(Lorg/junit/platform/engine/support/hierarchical/EngineExecutionContext;)V,OSGi/Tycho/JUnit framework,OSGi/Tycho/JUnit framework,,BOUND-MATCH,True,5192,e6e7895e1624bfcbfbfe8017d6e51dd17fbafd3233e4b1e7758705cd79a7aa11,18903f381d082898068ab4a475efe1d1a0a8ba3ecd8d7c768f2aa87680b91eef,2,1046,0
oracle,org.junit.platform.engine.support.hierarchical.NodeTestTask,lambda$executeRecursively$9,()V,OSGi/Tycho/JUnit framework,OSGi/Tycho/JUnit framework,,BOUND-MATCH,True,5192,e6e7895e1624bfcbfbfe8017d6e51dd17fbafd3233e4b1e7758705cd79a7aa11,ba60780b819e5d3856428f6b518c9dc3faa35ecfa680c5b373c30896a17c4294,2,1046,0
oracle,org.junit.platform.engine.support.hierarchical.NodeTestTask,reportCompletion,()V,OSGi/Tycho/JUnit framework,OSGi/Tycho/JUnit framework,,BOUND-MATCH,True,5192,e6e7895e1624bfcbfbfe8017d6e51dd17fbafd3233e4b1e7758705cd79a7aa11,4f703fdf7c4caebcc346f69f53a026c73b775b3707035b04e08bd54bfd843077,350,1,0
oracle,org.junit.platform.engine.support.hierarchical.NodeTestTask$$Lambda/0x000076e130619630,execute,()V,generated/hidden,OSGi/Tycho/JUnit framework,lambda/hidden-name,UNBOUND,True,5192,7a2620cd3d93d9e7d78241806bdacdf5bf0d0e3a2b8b10705c7b643ba0d2ef38,27e495353eb970b302306d3efe2e960eb52eb27c71722e8f3096b437f9cdc8b3,2,1046,0
oracle,org.junit.platform.engine.support.hierarchical.NodeTestTask$$Lambda/0x000076e130619a58,invoke,(Lorg/junit/platform/engine/support/hierarchical/EngineExecutionContext;)V,generated/hidden,OSGi/Tycho/JUnit framework,lambda/hidden-name,UNBOUND,True,5192,3d9efdc77b488de55bf02d2054145c9e3eeb8bd85f81664ec66694be5745fd09,fafb65770a228314aef440ed259da14a740d40031075c762ada423d254318ada,2,1046,0
oracle,org.junit.platform.engine.support.hierarchical.NodeTestTask$$Lambda/0x000076e130619c80,execute,()V,generated/hidden,OSGi/Tycho/JUnit framework,lambda/hidden-name,UNBOUND,True,5192,33c06aeb492cdee8bcb04b660751a072fbc1e2c0a93dd3911c2b7768b614d433,27e495353eb970b302306d3efe2e960eb52eb27c71722e8f3096b437f9cdc8b3,2,1046,0
oracle,org.junit.platform.engine.support.hierarchical.SameThreadHierarchicalTestExecutorService,invokeAll,(Ljava/util/List;)V,OSGi/Tycho/JUnit framework,OSGi/Tycho/JUnit framework,,BOUND-MATCH,True,5192,6b7e2a1be6414859ace71a6db6f125dde7b663e964a42947cedc3083c4a2a5d1,fee08976aeb112fe7b64014c43d1a5b2fb9934a07b96d43c4b66ff62387ad947,2,698,0
oracle,org.junit.platform.engine.support.hierarchical.SameThreadHierarchicalTestExecutorService,submit,(Lorg/junit/platform/engine/support/hierarchical/HierarchicalTestExecutorService$TestTask;)Ljava/util/concurrent/Future;,OSGi/Tycho/JUnit framework,OSGi/Tycho/JUnit framework,,BOUND-MATCH,True,5192,6b7e2a1be6414859ace71a6db6f125dde7b663e964a42947cedc3083c4a2a5d1,b04dcf374f9f591c43e459b44932d6ee9416d8212f08979f65afe893c5ced03b,2,349,0
oracle,org.junit.platform.engine.support.hierarchical.SameThreadHierarchicalTestExecutorService$$Lambda/0x000076e13061a798,accept,(Ljava/lang/Object;)V,generated/hidden,OSGi/Tycho/JUnit framework,lambda/hidden-name,UNBOUND,True,5192,d18fd8b71afad26cd70902ece5641ae7bb67b686dc5eef5e56dbd566766c8a03,9c0c446ebf5616af87a569f22f42c4bb946c5f8a880114d43eeaa1a8cc739315,2,698,0
oracle,org.junit.platform.engine.support.hierarchical.ThrowableCollector,execute,(Lorg/junit/platform/engine/support/hierarchical/ThrowableCollector$Executable;)V,OSGi/Tycho/JUnit framework,OSGi/Tycho/JUnit framework,,BOUND-MATCH,True,5192,b243ee12d76f42aa714a82b5a3d1a3ab8d799e160a4d67a7e5ffeefb90ed4a2a,cf08cc5805c5835f38661fd2beeae68e44eb44df049ba9bf2c1df633b85681a3,2,2440,0
oracle,org.junit.platform.launcher.core.CompositeEngineExecutionListener,executionFinished,(Lorg/junit/platform/engine/TestDescriptor;Lorg/junit/platform/engine/TestExecutionResult;)V,OSGi/Tycho/JUnit framework,OSGi/Tycho/JUnit framework,,BOUND-MATCH,True,5192,21587f4f5fb444a53a22f76291f6d7fed9b356b90363f9bd49093fbffd26c9ee,e1185b5e231b77080ee40ac9c50610d3429d572ae6a64f2ad3c8c5edb25fcca7,350,1,0
oracle,org.junit.platform.launcher.core.CompositeEngineExecutionListener,lambda$executionFinished$6,(Lorg/junit/platform/engine/TestDescriptor;Lorg/junit/platform/engine/TestExecutionResult;Lorg/junit/platform/engine/EngineExecutionListener;)V,OSGi/Tycho/JUnit framework,OSGi/Tycho/JUnit framework,,BOUND-MATCH,True,5192,21587f4f5fb444a53a22f76291f6d7fed9b356b90363f9bd49093fbffd26c9ee,5799a2ee9b7d4acbc6c4b8bd524dd34b83ab4c866b6c22928e3a460469e51c5c,350,1,0
oracle,org.junit.platform.launcher.core.CompositeEngineExecutionListener,lambda$notifyEach$11,(Ljava/util/function/Consumer;Ljava/util/function/Supplier;Lorg/junit/platform/engine/EngineExecutionListener;)V,OSGi/Tycho/JUnit framework,OSGi/Tycho/JUnit framework,,BOUND-MATCH,True,5192,21587f4f5fb444a53a22f76291f6d7fed9b356b90363f9bd49093fbffd26c9ee,f529893e42dd4d29776697a3bc480152bdab71e4697edba742760ccd6b78bac8,350,1,0
oracle,org.junit.platform.launcher.core.CompositeEngineExecutionListener,notifyEach,(Ljava/util/List;Ljava/util/function/Consumer;Ljava/util/function/Supplier;)V,OSGi/Tycho/JUnit framework,OSGi/Tycho/JUnit framework,,BOUND-MATCH,True,5192,21587f4f5fb444a53a22f76291f6d7fed9b356b90363f9bd49093fbffd26c9ee,9f451b2df4a4f3f6c0904c5e54893283c153c0ca64e7fcb7717530490bb6b2e5,350,1,0
oracle,org.junit.platform.launcher.core.CompositeEngineExecutionListener$$Lambda/0x000076e130618000,accept,(Ljava/lang/Object;)V,generated/hidden,OSGi/Tycho/JUnit framework,lambda/hidden-name,UNBOUND,True,5192,7a76c9cb35fe1e81c52e6c479078657deaead87656d2a1f43a4958cebe5c015e,b6485922f2a5d169be9343141041563b5344bd814cf5641b708c119491585134,350,1,0
oracle,org.junit.platform.launcher.core.CompositeEngineExecutionListener$$Lambda/0x000076e130b55c70,accept,(Ljava/lang/Object;)V,generated/hidden,OSGi/Tycho/JUnit framework,lambda/hidden-name,UNBOUND,True,5192,31bf881c37deaa2ff20f8b8f0b6ee7f0f4ff79261b05b08638013602da3557ef,b6485922f2a5d169be9343141041563b5344bd814cf5641b708c119491585134,350,1,0
oracle,org.junit.platform.launcher.core.DefaultLauncher,execute,(Lorg/junit/platform/launcher/LauncherDiscoveryRequest;[Lorg/junit/platform/launcher/TestExecutionListener;)V,OSGi/Tycho/JUnit framework,OSGi/Tycho/JUnit framework,,BOUND-MATCH,True,5192,c041a3fdefe5ef674de613544a0103bdfb1bbe6ad5b6fe0846fb8699c3d06cf6,71007ba88acc3b4cad2edbe5f3c12290540e5b04fd3cacc5423aa3beba15ad9c,2,349,0
oracle,org.junit.platform.launcher.core.DefaultLauncher,execute,(Lorg/junit/platform/launcher/core/InternalTestPlan;[Lorg/junit/platform/launcher/TestExecutionListener;)V,OSGi/Tycho/JUnit framework,OSGi/Tycho/JUnit framework,,BOUND-MATCH,True,5192,c041a3fdefe5ef674de613544a0103bdfb1bbe6ad5b6fe0846fb8699c3d06cf6,97af2b17b16d0961c273f55d2fcf879c8c8ea7f91e08a96b5bef6ecc9af35311,2,349,0
oracle,org.junit.platform.launcher.core.DefaultLauncherSession$DelegatingLauncher,execute,(Lorg/junit/platform/launcher/LauncherDiscoveryRequest;[Lorg/junit/platform/launcher/TestExecutionListener;)V,OSGi/Tycho/JUnit framework,OSGi/Tycho/JUnit framework,,BOUND-MATCH,True,5192,a7ad3557eae57953bdc4719835d7c4d4e01880754c96f1133f915a6721bc9332,a2a6a9834822c1fca95937eafc601a39e70c0ccd3e7f3ffac3a5ef67ed3aebfd,2,349,0
oracle,org.junit.platform.launcher.core.DelegatingEngineExecutionListener,executionFinished,(Lorg/junit/platform/engine/TestDescriptor;Lorg/junit/platform/engine/TestExecutionResult;)V,OSGi/Tycho/JUnit framework,OSGi/Tycho/JUnit framework,,BOUND-MATCH,True,5192,affcc24a91789e5beaac07b2a714d0fdaff2dcb416c0643bc60b3e153810b12a,4dd682502b71643ecec413a77aed1f4d3f4c6814d1959ffa866204f2dfad85a2,350,1,0
oracle,org.junit.platform.launcher.core.EngineExecutionOrchestrator,execute,(Lorg/junit/platform/engine/TestDescriptor;Lorg/junit/platform/engine/EngineExecutionListener;Lorg/junit/platform/engine/ConfigurationParameters;Lorg/junit/platform/engine/TestEngine;)V,OSGi/Tycho/JUnit framework,OSGi/Tycho/JUnit framework,,BOUND-MATCH,True,5192,adbd636446942ee3f1f2706a3624410487bcc11a1e9dfe494415e3b0f3888bf3,b222ab7771da9f6630264e47de98b3a2a207821e5173b6bd931273a2ec973a38,2,349,0
oracle,org.junit.platform.launcher.core.EngineExecutionOrchestrator,execute,(Lorg/junit/platform/launcher/core/InternalTestPlan;Lorg/junit/platform/engine/EngineExecutionListener;Lorg/junit/platform/launcher/TestExecutionListener;)V,OSGi/Tycho/JUnit framework,OSGi/Tycho/JUnit framework,,BOUND-MATCH,True,5192,adbd636446942ee3f1f2706a3624410487bcc11a1e9dfe494415e3b0f3888bf3,2febcc3598a2416c17a10fed029ce99be4f4175cd08fb259d895525447ba5c8d,2,349,0
oracle,org.junit.platform.launcher.core.EngineExecutionOrchestrator,execute,(Lorg/junit/platform/launcher/core/InternalTestPlan;[Lorg/junit/platform/launcher/TestExecutionListener;)V,OSGi/Tycho/JUnit framework,OSGi/Tycho/JUnit framework,,BOUND-MATCH,True,5192,adbd636446942ee3f1f2706a3624410487bcc11a1e9dfe494415e3b0f3888bf3,3c33d3332c3c986e1027ea484cc0764b7aa5e282261822994dbeff34dc48b530,2,349,0
oracle,org.junit.platform.launcher.core.EngineExecutionOrchestrator,execute,(Lorg/junit/platform/launcher/core/LauncherDiscoveryResult;Lorg/junit/platform/engine/EngineExecutionListener;)V,OSGi/Tycho/JUnit framework,OSGi/Tycho/JUnit framework,,BOUND-MATCH,True,5192,adbd636446942ee3f1f2706a3624410487bcc11a1e9dfe494415e3b0f3888bf3,bc0aa6e16df6390047ef4376756c284b0998c54959137a827c3285f96ed5a220,2,349,0
oracle,org.junit.platform.launcher.core.EngineExecutionOrchestrator,lambda$execute$0,(Lorg/junit/platform/launcher/core/InternalTestPlan;Lorg/junit/platform/launcher/TestExecutionListener;)V,OSGi/Tycho/JUnit framework,OSGi/Tycho/JUnit framework,,BOUND-MATCH,True,5192,adbd636446942ee3f1f2706a3624410487bcc11a1e9dfe494415e3b0f3888bf3,e0540f61f8d2b436b11f344effa6f3b80ddf237fc95f4b6f5045b3e8ac1d4d87,2,349,0
oracle,org.junit.platform.launcher.core.EngineExecutionOrchestrator,withInterceptedStreams,(Lorg/junit/platform/engine/ConfigurationParameters;Lorg/junit/platform/launcher/core/ListenerRegistry;Ljava/util/function/Consumer;)V,OSGi/Tycho/JUnit framework,OSGi/Tycho/JUnit framework,,BOUND-MATCH,True,5192,adbd636446942ee3f1f2706a3624410487bcc11a1e9dfe494415e3b0f3888bf3,4d77ca97b11970a22d7765b6fc0cf07ada5e6d2d6153fc342951f633da89c0bc,2,349,0
oracle,org.junit.platform.launcher.core.EngineExecutionOrchestrator$$Lambda/0x000076e1306077e8,accept,(Ljava/lang/Object;)V,generated/hidden,OSGi/Tycho/JUnit framework,lambda/hidden-name,UNBOUND,True,5192,5c4f2f353d485c94af3c62e26a0a4353d8f5afacbf2e194a416e01b4fd80f6be,85a3e772fe2263a019cf0b4b2c95f1ec0a8ef9615fae97e1e5a5801daa4abd81,2,349,0
oracle,org.junit.platform.launcher.core.ExecutionListenerAdapter,executionFinished,(Lorg/junit/platform/engine/TestDescriptor;Lorg/junit/platform/engine/TestExecutionResult;)V,OSGi/Tycho/JUnit framework,OSGi/Tycho/JUnit framework,,BOUND-MATCH,True,5192,16f3c5422ce3c93cd0acc12f76297fb8787968a59b2fb1c2eba708c2c2ef7f59,3f2447d3165191a90fe8f2b21cbb75fa91ed0c2f377a5887701e6c96e74236e9,350,1,0
oracle,org.junit.platform.launcher.core.OutcomeDelayingEngineExecutionListener,executionFinished,(Lorg/junit/platform/engine/TestDescriptor;Lorg/junit/platform/engine/TestExecutionResult;)V,OSGi/Tycho/JUnit framework,OSGi/Tycho/JUnit framework,,BOUND-MATCH,True,5192,57e5a62ff59480d1823dc2e5b9ccdf83a47dd875c0111cd9979ebbf06d320a87,58b9a91c4d95dbcb33da5b9b1825cf60980e9dba7e337c5750c06ec7aae65fc8,350,1,0
oracle,org.osgi.util.tracker.AbstractTracked,trackAdding,(Ljava/lang/Object;Ljava/lang/Object;)V,OSGi/Tycho/JUnit framework,OSGi/Tycho/JUnit framework,,UNBOUND,False,1144,1f432fec9e2460d3a68454cd0bbe212f867885ddb66b17700baa1c5d7e7c1911,390491db82df2910692b5ece9de3faf8fe503c972a117adb23a6175f58340d47,37,4,0
oracle,org.osgi.util.tracker.AbstractTracked,trackInitial,()V,OSGi/Tycho/JUnit framework,OSGi/Tycho/JUnit framework,,UNBOUND,False,1144,1f432fec9e2460d3a68454cd0bbe212f867885ddb66b17700baa1c5d7e7c1911,4ef27dbf865e144882d5adb61d60b099463d1137dd308ad0fc992f3ada88f608,37,4,0
oracle,org.osgi.util.tracker.ServiceTracker,addingService,(Lorg/osgi/framework/ServiceReference;)Ljava/lang/Object;,OSGi/Tycho/JUnit framework,OSGi/Tycho/JUnit framework,,UNBOUND,False,1144,60ce55bc365274795293225c67706c46daa00d076714a65ebd1688b0fdf54dd9,2d4697d89b125ef55d15da8a60b526d0d7f85e593e399bee69e5e20a51bd6e5d,37,4,0
oracle,org.osgi.util.tracker.ServiceTracker,open,()V,OSGi/Tycho/JUnit framework,OSGi/Tycho/JUnit framework,,UNBOUND,False,1144,60ce55bc365274795293225c67706c46daa00d076714a65ebd1688b0fdf54dd9,b791c2365a75b9178c5ab85750742e401765ff8cda4a26e0a6c12ed0b2ae7cea,37,4,0
oracle,org.osgi.util.tracker.ServiceTracker,open,(Z)V,OSGi/Tycho/JUnit framework,OSGi/Tycho/JUnit framework,,UNBOUND,False,1144,60ce55bc365274795293225c67706c46daa00d076714a65ebd1688b0fdf54dd9,2af6ae8a47f98fb0df1ea3f0e0cd211799f169086e79336f19e624ee9666c3a8,37,4,0
oracle,org.osgi.util.tracker.ServiceTracker$Tracked,customizerAdding,(Ljava/lang/Object;Ljava/lang/Object;)Ljava/lang/Object;,OSGi/Tycho/JUnit framework,OSGi/Tycho/JUnit framework,,UNBOUND,False,1144,3e2ef8e5e72fb3ff0b749e23462af4a409035e65b662fed08c28e0bed866c34f,17f5b825d8101b46cc61381e91de46c8e1bdba3bf43f4113ad6be53d8f47b963,37,4,0
oracle,org.osgi.util.tracker.ServiceTracker$Tracked,customizerAdding,(Lorg/osgi/framework/ServiceReference;Lorg/osgi/framework/ServiceEvent;)Ljava/lang/Object;,OSGi/Tycho/JUnit framework,OSGi/Tycho/JUnit framework,,UNBOUND,False,1144,3e2ef8e5e72fb3ff0b749e23462af4a409035e65b662fed08c28e0bed866c34f,fee45e92d2c9137ff7a140fcf7b7806d8cac155d0a6afd2f5935150274323dca,37,4,0
postgresql,com.zaxxer.hikari.pool.HikariProxyResultSet,getString,(Ljava/lang/String;)Ljava/lang/String;,other dependency,other dependency,,UNBOUND,False,6313,24520a19e4caf1b033e6a29943ca37df6056a8be2f91059b79728c892088469c,78a29848e91a941cc3f7d8cd43e1709df2eaaecec66b893ccafc5a83d7c92a56,6,169,81
postgresql,java.lang.Class,getDeclaredMethod,(Ljava/lang/String;[Ljava/lang/Class;)Ljava/lang/reflect/Method;,JDK,JDK,,UNBOUND,False,bootstrap,bc8402a3697d93e8572eeeaa07a1ef28f5faedb00788ce3952089529be922280,442d6d28834659f7af97bd60d3cc81c011f676aead33a1b4a8ea52484df608f3,34,4,0
postgresql,java.lang.ClassLoader,loadClass,(Ljava/lang/String;)Ljava/lang/Class;,JDK,JDK,,UNBOUND,False,bootstrap,0422e4c85a78ddcc4d6e737145151ef4797f35f94cfee587e1a627d2e66f057a,f386c821fb4fb2dda5314bf3314e6e40ce02036d2b42ddd9b860f067d5b2bf2d,6,9,0
postgresql,java.lang.invoke.DirectMethodHandle$Holder,invokeStatic,(Ljava/lang/Object;Ljava/lang/Object;Ljava/lang/Object;)Ljava/lang/Object;,JDK,JDK,,UNBOUND,False,bootstrap,a7a7d9b4b2bf71ac747bc03e66391217079e2819d785d39450653406b553e9fd,aab0a455661705dde31102bcd4abd78a8f5b1502cbd17a7ace74862a6fd9fd03,2,272,0
postgresql,java.lang.invoke.DirectMethodHandle$Holder,newInvokeSpecial,(Ljava/lang/Object;Ljava/lang/Object;Ljava/lang/Object;Ljava/lang/Object;)Ljava/lang/Object;,JDK,JDK,,UNBOUND,False,bootstrap,a7a7d9b4b2bf71ac747bc03e66391217079e2819d785d39450653406b553e9fd,100c336fe7e2eb4da0745a2e611612af2def4a695a0881b3567bfa73d810890c,26,48,0
postgresql,java.lang.invoke.Invokers$Holder,invokeExact_MT,(Ljava/lang/Object;Ljava/lang/Object;Ljava/lang/Object;)Ljava/lang/Object;,JDK,JDK,,UNBOUND,False,bootstrap,8ef374c298eff43697ea9107a587ad4acbf335011b53b3816c92293a1f15f545,1f09a07e8e6a7ca90e8ba3a8d9ba92a2fa81bb41276192f509d89eda549f52e2,2,271,0
postgresql,java.lang.invoke.Invokers$Holder,invokeExact_MT,(Ljava/lang/Object;Ljava/lang/Object;Ljava/lang/Object;Ljava/lang/Object;)Ljava/lang/Object;,JDK,JDK,,UNBOUND,False,bootstrap,8ef374c298eff43697ea9107a587ad4acbf335011b53b3816c92293a1f15f545,e6d999882c838ad58bdecbe26d4093a643dd7fc2b69cb87acb4ac6c6088de2fb,2,272,0
postgresql,java.lang.invoke.LambdaForm$DMH/0x0000772a04000c00,invokeVirtual,(Ljava/lang/Object;Ljava/lang/Object;)V,generated/hidden,JDK,hidden-name,UNBOUND,False,bootstrap,a3741472c1d5c42332e20efa163a90cfbe0bfb724509bf6c75cc6c30a0273d63,89a7d870e30632a79473852c533ede07f749a9b8bf5e2142235773c0dfe6fb53,2,271,0
postgresql,java.lang.invoke.LambdaForm$DMH/0x0000772a041b8800,invokeVirtual,(Ljava/lang/Object;Ljava/lang/Object;Ljava/lang/Object;)Ljava/lang/Object;,generated/hidden,JDK,hidden-name,UNBOUND,False,bootstrap,92897aabbbe1ed095e8ea92e467ac5552abf76ceee36419761d35ccef0b82706,0965955ec5f85a19d0a25fe9904023db6817b25cab1c5d890432f1b169bc0218,2,272,0
postgresql,java.lang.invoke.LambdaForm$DMH/0x0000772a049c0000,newInvokeSpecial,(Ljava/lang/Object;Ljava/lang/Object;ILjava/lang/Object;)Ljava/lang/Object;,generated/hidden,JDK,hidden-name,UNBOUND,False,bootstrap,ebc2c89b67c2836eeb8f86a944b2bad3ded6b9e6aadeea41ba51378959f9c610,de329b496599a9fce2e49f328aa7f962a6eeab443c79d0825a332e078fb01559,75,22,0
postgresql,java.lang.invoke.LambdaForm$MH/0x0000772a04001400,invoke,(Ljava/lang/Object;Ljava/lang/Object;Ljava/lang/Object;)Ljava/lang/Object;,generated/hidden,JDK,hidden-name,UNBOUND,False,bootstrap,8efd13ddaa1fe110698aad613868a15c1edf0595d2bc429f0091dc684f9c6a46,6c8c53a0a31993be9780ed7629af054d7a95432e558c5874af26783653660e37,2,272,0
postgresql,java.lang.invoke.LambdaForm$MH/0x0000772a04006800,invoke,(Ljava/lang/Object;Ljava/lang/Object;Ljava/lang/Object;Ljava/lang/Object;)Ljava/lang/Object;,generated/hidden,JDK,hidden-name,UNBOUND,False,bootstrap,572ea2f6cf4101f92b7b7fce5c2bc2858922bf475a3b5b24b9ffa06666c4f43c,079e7acfef51d4b391085eb9ff1b63c649d13bc4ca610045f57d9380124dcd8b,2,272,0
postgresql,java.lang.invoke.LambdaForm$MH/0x0000772a04006c00,invokeExact_MT,(Ljava/lang/Object;Ljava/lang/Object;Ljava/lang/Object;Ljava/lang/Object;Ljava/lang/Object;)Ljava/lang/Object;,generated/hidden,JDK,hidden-name,UNBOUND,False,bootstrap,a987ff582755bbba7affd19ced0dceb00842f160ab138da57ab37a3692501a31,6e0f61d6e7c1a1b23d5e886f9466e1f74efbb3aab8cdf30a7bd40b9115bd4474,2,342,0
postgresql,java.lang.invoke.LambdaForm$MH/0x0000772a040bc800,invoke,(Ljava/lang/Object;Ljava/lang/Object;)Ljava/lang/Object;,generated/hidden,JDK,hidden-name,UNBOUND,False,bootstrap,767d12f1df9174b18ca4b45d67a6d5601ea4a026a9c5c64d7bc3f08639f7a932,07375eecc3c78b05dae27f75642b7be9ec9a9b38a06578b43f2ba254b9a0a0dc,2,271,0
postgresql,java.lang.invoke.LambdaForm$MH/0x0000772a045c1800,invoke,(Ljava/lang/Object;Ljava/lang/Object;Ljava/lang/Object;Ljava/lang/Object;)Ljava/lang/Object;,generated/hidden,JDK,hidden-name,UNBOUND,False,bootstrap,4ee64b9fa3e70df5b4844b1103a1eb281629e6a4a42b51e47cc74713791d81ad,822fb0c245a22a47d420f911b66b382c890bbf02d4e38cb02499f19fcca87507,26,24,0
postgresql,java.lang.invoke.LambdaForm$MH/0x0000772a049c0c00,invoke,(Ljava/lang/Object;Ljava/lang/Object;Ljava/lang/Object;Ljava/lang/Object;)Ljava/lang/Object;,generated/hidden,JDK,hidden-name,UNBOUND,False,bootstrap,863520a0e1329648bc1cd2cad892ab479389d16d278b35386724014cfd856036,e011b8a64d0fd478ef02d209e8af8226ba9a47cb12d9b9939dd361993b5a66a4,75,22,0
postgresql,java.lang.invoke.LambdaForm$MH/0x0000772a049e1000,invoke,(Ljava/lang/Object;Ljava/lang/Object;Ljava/lang/Object;Ljava/lang/Object;)Ljava/lang/Object;,generated/hidden,JDK,hidden-name,UNBOUND,False,bootstrap,cd3ba35aa9d2d400282f1d6abf18dfecd115810a1ce9d1fa99a1e5faa3b94da5,2303d3170592750ed266bf2b0e55e2c7ce15f31e0d7ed2d5360a40f102238613,79,24,0
postgresql,java.lang.reflect.Constructor,newInstance,([Ljava/lang/Object;)Ljava/lang/Object;,JDK,JDK,,UNBOUND,False,bootstrap,c1e0c70740f150bae2d9919867938922fb3f757ba75f99dba179dcdbd3414668,a3320f3492f1d85244f4c64e31ecdd9b6640482a6ffc9024d7814330563fa926,26,70,0
postgresql,java.lang.reflect.Constructor,newInstanceWithCaller,([Ljava/lang/Object;ZLjava/lang/Class;)Ljava/lang/Object;,JDK,JDK,,UNBOUND,False,bootstrap,c1e0c70740f150bae2d9919867938922fb3f757ba75f99dba179dcdbd3414668,53cc769c239da23adc064cd2c97e78d50daaaf92b6924b6b0ae1ed7218dde7b8,26,70,0
postgresql,java.lang.reflect.Method,invoke,(Ljava/lang/Object;[Ljava/lang/Object;)Ljava/lang/Object;,JDK,JDK,,UNBOUND,False,bootstrap,da832d65b8ddd45b5056608fc3dc34d2552f9606a184573e449b5b6f716f841a,0013ad13f80d6a15f01e33edc8e272dc91d5c846c4eb687fbf8dac1816e66739,2,815,0
postgresql,java.security.AccessController,doPrivileged,(Ljava/security/PrivilegedAction;)Ljava/lang/Object;,JDK,JDK,,UNBOUND,False,bootstrap,cdbcd2d74adeca715c388a2ea58c019e6a82f5d5be9f36bff9268c5a8cfc5fa3,7bf99607655fc167421d9193f90404de637e97648d6bafce0488f832ddd5e688,34,4,0
postgresql,java.security.AccessController,executePrivileged,(Ljava/security/PrivilegedAction;Ljava/security/AccessControlContext;Ljava/lang/Class;)Ljava/lang/Object;,JDK,JDK,,UNBOUND,False,bootstrap,cdbcd2d74adeca715c388a2ea58c019e6a82f5d5be9f36bff9268c5a8cfc5fa3,f3917a1f7c635edebb5abbb7f3bde163ac13a418fc5a020118e7e860722611e6,34,4,0
postgresql,java.text.DateFormat,parse,(Ljava/lang/String;)Ljava/util/Date;,JDK,JDK,,UNBOUND,False,bootstrap,a9002d186bd2baae51647ba3480c1c4094182cb8c3a5dadda88fba2e97d817fd,2e88cb80874727eabb66e8f88df60f6208909f10867d38b71fe8f16be6ed23f6,2,8,0
postgresql,java.util.ArrayList,forEach,(Ljava/util/function/Consumer;)V,JDK,JDK,,UNBOUND,False,bootstrap,f9bb8eb009bbbe2209b14b57a1bf3a75f3b6d293de4dcefc1700ae4f95425ba5,91317959e01aab78f2ba35099cf27e65cefb1cbfd8be67bcc3d468049ed0ba0d,2,545,0
postgresql,java.util.ResourceBundle,findBundle,(Ljava/lang/Module;Ljava/lang/Module;Ljava/util/ResourceBundle$CacheKey;Ljava/util/List;Ljava/util/List;ILjava/util/ResourceBundle$Control;Ljava/util/ResourceBundle;)Ljava/util/ResourceBundle;,JDK,JDK,,UNBOUND,False,bootstrap,52a1586a6d160d918cf1068bb0c0dcf2e701495a952cd6e4d5299a7448487077,dbec5dd55fdad5fc16e2d984c221e429ef9f6a6363a3ad9fab8fc40df3ce603e,6,12,0
postgresql,java.util.ResourceBundle,getBundle,(Ljava/lang/String;Ljava/util/Locale;)Ljava/util/ResourceBundle;,JDK,JDK,,UNBOUND,False,bootstrap,52a1586a6d160d918cf1068bb0c0dcf2e701495a952cd6e4d5299a7448487077,25bdc466a672dcd750cfd823aefe76c64f44ec6ef9c4936d8dd02fbfcd2d48b8,6,7,0
postgresql,java.util.ResourceBundle,getBundleImpl,(Ljava/lang/Module;Ljava/lang/Module;Ljava/lang/String;Ljava/util/Locale;Ljava/util/ResourceBundle$Control;)Ljava/util/ResourceBundle;,JDK,JDK,,UNBOUND,False,bootstrap,52a1586a6d160d918cf1068bb0c0dcf2e701495a952cd6e4d5299a7448487077,548eba5aca004aa4331eff8479d99eefc67495824b5c238fe192ed27903a192c,6,7,0
postgresql,java.util.ResourceBundle,getBundleImpl,(Ljava/lang/String;Ljava/util/Locale;Ljava/lang/Class;Ljava/lang/ClassLoader;Ljava/util/ResourceBundle$Control;)Ljava/util/ResourceBundle;,JDK,JDK,,UNBOUND,False,bootstrap,52a1586a6d160d918cf1068bb0c0dcf2e701495a952cd6e4d5299a7448487077,2ea4ecdc0c52cf254da85e98ceef6d8845afbf3918174e7c056aa903e4f00847,6,7,0
postgresql,java.util.ResourceBundle,getBundleImpl,(Ljava/lang/String;Ljava/util/Locale;Ljava/lang/Class;Ljava/util/ResourceBundle$Control;)Ljava/util/ResourceBundle;,JDK,JDK,,UNBOUND,False,bootstrap,52a1586a6d160d918cf1068bb0c0dcf2e701495a952cd6e4d5299a7448487077,8adf3e92b9c6c51a7dbd9258f7ea21ed818943decb62c3c37731e291b1eb49a0,6,7,0
postgresql,java.util.ResourceBundle,loadBundle,(Ljava/util/ResourceBundle$CacheKey;Ljava/util/List;Ljava/util/ResourceBundle$Control;Z)Ljava/util/ResourceBundle;,JDK,JDK,,UNBOUND,False,bootstrap,52a1586a6d160d918cf1068bb0c0dcf2e701495a952cd6e4d5299a7448487077,02d0afabf8bc00f337952bf3f306f99573b5f1c59ed8dfbb8d4dd5d1f335eec0,6,6,0
postgresql,java.util.ResourceBundle,throwMissingResourceException,(Ljava/lang/String;Ljava/util/Locale;Ljava/lang/Throwable;)V,JDK,JDK,,UNBOUND,False,bootstrap,52a1586a6d160d918cf1068bb0c0dcf2e701495a952cd6e4d5299a7448487077,2b6e6efdc0e3295b89a41036cd3825a4433dafa8c8aecf5ffb511a7ec99af756,12,1,0
postgresql,java.util.ResourceBundle$Control,newBundle,(Ljava/lang/String;Ljava/util/Locale;Ljava/lang/String;Ljava/lang/ClassLoader;Z)Ljava/util/ResourceBundle;,JDK,JDK,,UNBOUND,False,bootstrap,730bde4ad2966731073bb522d4376b802496451ba3576cd40546f02d90ec9f4a,640814b220eb04418eaabd19ffb4a3e4547d3da9cc24b14f4d3e6019f3ee97d4,6,6,0
postgresql,java.util.ResourceBundle$Control,newBundle0,(Ljava/lang/String;Ljava/lang/String;Ljava/lang/ClassLoader;Z)Ljava/util/ResourceBundle;,JDK,JDK,,UNBOUND,False,bootstrap,730bde4ad2966731073bb522d4376b802496451ba3576cd40546f02d90ec9f4a,c07fa17662ab080bd30e4a0c2560fb77778840337e4d6e690a4d9345016aaf26,6,6,3
postgresql,jdk.internal.loader.BuiltinClassLoader,loadClass,(Ljava/lang/String;Z)Ljava/lang/Class;,JDK,JDK,,UNBOUND,False,bootstrap,20544401d6408a88539b39a7d92a7acf7955c22b505f32b74a5950e6cd4af66d,69e02668f9defa88bdc780e42e1f27062d5ade98169f1e70a598f41b2019f000,6,3,0
postgresql,jdk.internal.reflect.DirectConstructorHandleAccessor,invokeImpl,([Ljava/lang/Object;)Ljava/lang/Object;,JDK,JDK,,UNBOUND,False,bootstrap,94dbd5ef042333226a358ab83eb5e97742c763237d8194296faccdbc6628c261,ca19b959c1a607c3a2c43276171ee5538c4209ac0ece96b2b8fbc1b557af535a,26,70,0
postgresql,jdk.internal.reflect.DirectConstructorHandleAccessor,newInstance,([Ljava/lang/Object;)Ljava/lang/Object;,JDK,JDK,,UNBOUND,False,bootstrap,94dbd5ef042333226a358ab83eb5e97742c763237d8194296faccdbc6628c261,0845fdb058989755a5eda888b7860077af7c9a172a0a54d3fcf1a01353ffe352,26,70,0
postgresql,jdk.internal.reflect.DirectMethodHandleAccessor,invoke,(Ljava/lang/Object;[Ljava/lang/Object;)Ljava/lang/Object;,JDK,JDK,,UNBOUND,False,bootstrap,b1998f87a39244d6d5b19723e0926376f80b228782dff2c669251430a67c5880,4d711382c4650e5032e4f8d6a494fcc7eec9d60f4031493451ab1e0a8bfa26e9,2,815,0
postgresql,jdk.internal.reflect.DirectMethodHandleAccessor,invokeImpl,(Ljava/lang/Object;[Ljava/lang/Object;)Ljava/lang/Object;,JDK,JDK,,UNBOUND,False,bootstrap,b1998f87a39244d6d5b19723e0926376f80b228782dff2c669251430a67c5880,76c166c3b1a6234e34b1da64ae325200a553ba7bda80684aaad667c0bdaf6679,2,815,0
postgresql,org.adempiere.base.AbstractModelFactory,getPO,(Ljava/lang/Class;Ljava/lang/String;ILjava/lang/String;)Lorg/compiere/model/PO;,iDempiere application,iDempiere application,,UNBOUND,False,2895,bc01b4109c99864551b29b0e4f1a834ee8d1208db80a46725df38430366c1278,b895bd2419d013114d463a5bf0b1fd9c0fa61a9a37d2dd3a2e7ac490ae8232b4,75,22,0
postgresql,org.adempiere.base.AbstractModelFactory,getPO,(Ljava/lang/Class;Ljava/lang/String;Ljava/sql/ResultSet;Ljava/lang/String;)Lorg/compiere/model/PO;,iDempiere application,iDempiere application,,UNBOUND,False,2895,bc01b4109c99864551b29b0e4f1a834ee8d1208db80a46725df38430366c1278,aa4da4f8f8599e820135d3a5db3bb87d98e2dbd2c994aecce1ad5fb44b6075b0,26,12,0
postgresql,org.adempiere.base.AnnotationBasedModelFactory,getPO,(Ljava/lang/String;ILjava/lang/String;)Lorg/compiere/model/PO;,iDempiere application,iDempiere application,,UNBOUND,False,2895,215fb486d66752acc23b6bfe21963bfa9e9e18f87226a601ed85a29bedf28b70,aae09bc50b4ea0d0caccd3586e7e0168cc53eac01919ddbb4d059e1698fcb455,75,22,0
postgresql,org.adempiere.base.AnnotationBasedModelFactory,getPO,(Ljava/lang/String;Ljava/sql/ResultSet;Ljava/lang/String;)Lorg/compiere/model/PO;,iDempiere application,iDempiere application,,UNBOUND,False,2895,215fb486d66752acc23b6bfe21963bfa9e9e18f87226a601ed85a29bedf28b70,d990c6b2dcaab1320786afda50f027c3a59e8e7a637a3654b665951762d5c1eb,26,12,0
postgresql,org.adempiere.base.Core,getProductPricing,()Lorg/adempiere/base/IProductPricing;,iDempiere application,iDempiere application,,UNBOUND,False,2895,4c8f1c62b7cc5ba58026d72d9c39e453f5f49b3b064e59f2bceb97d3dbe753f3,a4699ba92426affeafad08d5b2a88811776d5f70296112e20f5a68e0b6673578,53,2,0
postgresql,org.adempiere.base.DefaultDocumentFactory,getDocument,(Lorg/compiere/model/MAcctSchema;ILjava/sql/ResultSet;Ljava/lang/String;)Lorg/compiere/acct/Doc;,iDempiere application,iDempiere application,,UNBOUND,False,2895,b1cadce2f07b005c0673f9746095ad93c1d00746d3a756dc0036a9b51c2df086,984e3be78e8671010cc54f29d9f4d314fa375f157c21667c3f7e7dc84f0a331d,79,24,0
postgresql,org.adempiere.base.ds.DynamicServiceHolder,<init>,(Lorg/osgi/util/tracker/ServiceTracker;)V,iDempiere application,iDempiere application,,UNBOUND,False,2895,d8e4b1ae58d9c960da23f3e126800c43215b0b50151f0ffd6cf941fa2c88ab89,00a0e75a17a4c9a4ff09607fbd3a05c0e41f05a8c2dd1aca07b5df496a9baefc,34,4,0
postgresql,org.adempiere.base.ds.DynamicServiceLocator,list,(Ljava/lang/Class;Lorg/adempiere/base/ServiceQuery;)Lorg/adempiere/base/IServicesHolder;,iDempiere application,iDempiere application,,UNBOUND,False,2895,fa84fe116329e50d6d12578dac4ef0638ffe0d438a0487ee5349384834ee076a,c2e0c3988ba58c813d8b4e40160d0cb19743e0a4ec07c537950e5bba5229aaf5,34,2,0
postgresql,org.adempiere.base.ds.DynamicServiceLocator,locate,(Ljava/lang/Class;)Lorg/adempiere/base/IServiceHolder;,iDempiere application,iDempiere application,,UNBOUND,False,2895,fa84fe116329e50d6d12578dac4ef0638ffe0d438a0487ee5349384834ee076a,6592daacb7913b56cb6f952b92ae193fa449defe2f42ab7d9ea7f4501f006de0,53,2,0
postgresql,org.adempiere.util.ProcessUtil,startWorkFlow,(Ljava/util/Properties;Lorg/compiere/process/ProcessInfo;I)Lorg/compiere/wf/MWFProcess;,iDempiere application,iDempiere application,,UNBOUND,False,2895,97b0e2daa63e07ba82a16f2e845514cab13b033895b0584c751f6bdd7c97975e,1e690bd72c5f1362fcc5ec613c8632be3519ad3f5fe8c9b498c8de2ec0e46472,26,187,0
postgresql,org.apache.felix.scr.impl.inject.methods.ActivateMethod,doFindMethod,(Ljava/lang/Class;ZZLorg/apache/felix/scr/impl/logger/ComponentLogger;)Lorg/apache/felix/scr/impl/inject/methods/BaseMethod$MethodInfo;,other dependency,other dependency,,UNBOUND,False,2474,8c32b80bb36aaed7c6369d03f5aa5aea0261a3355744ab0487573f31a0d5614f,9b66a7a1c18570f30d969fb2fe1868f4dbb4c0efc9d2d24634d9629fbe5765ed,34,4,0
postgresql,org.apache.felix.scr.impl.inject.methods.ActivateMethod,invoke,(Ljava/lang/Object;Lorg/apache/felix/scr/impl/inject/ActivatorParameter;Lorg/apache/felix/scr/impl/inject/MethodResult;)Lorg/apache/felix/scr/impl/inject/MethodResult;,other dependency,other dependency,,UNBOUND,False,2474,8c32b80bb36aaed7c6369d03f5aa5aea0261a3355744ab0487573f31a0d5614f,506709e3e7e13dedfdcd0bc2ad0e6b0c2cb3b39100dc30b9294ee87f0aec5525,34,4,0
postgresql,org.apache.felix.scr.impl.inject.methods.ActivateMethod,invoke,(Ljava/lang/Object;Lorg/apache/felix/scr/impl/inject/ScrComponentContext;ILorg/apache/felix/scr/impl/inject/MethodResult;)Lorg/apache/felix/scr/impl/inject/MethodResult;,other dependency,other dependency,,UNBOUND,False,2474,8c32b80bb36aaed7c6369d03f5aa5aea0261a3355744ab0487573f31a0d5614f,52e2181bcac8a24711b13af521d89d71c32c8bd3da7ee21c5f5fe487532b2073,34,4,0
postgresql,org.apache.felix.scr.impl.inject.methods.BaseMethod,access$400,(Lorg/apache/felix/scr/impl/inject/methods/BaseMethod;Lorg/apache/felix/scr/impl/logger/ComponentLogger;)Lorg/apache/felix/scr/impl/inject/methods/BaseMethod$MethodInfo;,other dependency,other dependency,,UNBOUND,False,2474,35a7fdc92d8b41d8d4e613e983fbe5b13a1a2020d7aa9e456e720e12aafbc5fc,f0c6a9ba9793aafb772e2fb118bec6af1965c8be886c0e6ae88a245e3894dbca,34,4,0
postgresql,org.apache.felix.scr.impl.inject.methods.BaseMethod,findMethod,(Lorg/apache/felix/scr/impl/logger/ComponentLogger;)Lorg/apache/felix/scr/impl/inject/methods/BaseMethod$MethodInfo;,other dependency,other dependency,,UNBOUND,False,2474,35a7fdc92d8b41d8d4e613e983fbe5b13a1a2020d7aa9e456e720e12aafbc5fc,40da3419d8cb3957d2c80c2c140fc9e54cd6653997a0c7956a7ee592f1246c29,34,4,0
postgresql,org.apache.felix.scr.impl.inject.methods.BaseMethod,getMethod,(Ljava/lang/Class;Ljava/lang/String;[Ljava/lang/Class;ZZLorg/apache/felix/scr/impl/logger/ComponentLogger;)Ljava/lang/reflect/Method;,other dependency,other dependency,,UNBOUND,False,2474,35a7fdc92d8b41d8d4e613e983fbe5b13a1a2020d7aa9e456e720e12aafbc5fc,e522ac2a64bc5552e335af7684c54d579ed66588da38e381f4ac9669b7bed37b,34,4,4
postgresql,org.apache.felix.scr.impl.inject.methods.BaseMethod,methodExists,(Lorg/apache/felix/scr/impl/logger/ComponentLogger;)Z,other dependency,other dependency,,UNBOUND,False,2474,35a7fdc92d8b41d8d4e613e983fbe5b13a1a2020d7aa9e456e720e12aafbc5fc,b2d1d793cd3574e3ecaadb5baba472a8fc82771e4caf46e196d595fd76c3b2bd,34,4,0
postgresql,org.apache.felix.scr.impl.inject.methods.BaseMethod$NotResolved,methodExists,(Lorg/apache/felix/scr/impl/inject/methods/BaseMethod;Lorg/apache/felix/scr/impl/logger/ComponentLogger;)Z,other dependency,other dependency,,UNBOUND,False,2474,ddf41081c936c3a0b65f738e59cb2995656d1b84a358be1c15981a2108c963c6,debb39d750eac6522d679a0d4009a47ace575539ac144cc19b5e64c44078a5cb,34,4,0
postgresql,org.apache.felix.scr.impl.inject.methods.BaseMethod$NotResolved,resolve,(Lorg/apache/felix/scr/impl/inject/methods/BaseMethod;Lorg/apache/felix/scr/impl/logger/ComponentLogger;)V,other dependency,other dependency,,UNBOUND,False,2474,ddf41081c936c3a0b65f738e59cb2995656d1b84a358be1c15981a2108c963c6,a0b4d1a897e7667a61c8e8187574cbe71c894c6b9e9b35a730a60b766c430465,34,4,0
postgresql,org.apache.felix.scr.impl.manager.SingleComponentManager,createComponent,(Lorg/apache/felix/scr/impl/manager/ComponentContextImpl;)Z,other dependency,other dependency,,UNBOUND,False,2474,7fbaebf1720f30bdfc960b6aa0309711f1ddecdfbbf7982c1cee735ac5e1b02c,1192cc853339eeee503e548f2627a6216f46f1ee004d5626d1698de7477a1a3c,34,4,0
postgresql,org.apache.felix.scr.impl.manager.SingleComponentManager,createImplementationObject,(Lorg/osgi/framework/Bundle;Lorg/apache/felix/scr/impl/manager/SingleComponentManager$SetImplementationObject;Lorg/apache/felix/scr/impl/manager/ComponentContextImpl;)Ljava/lang/Object;,other dependency,other dependency,,UNBOUND,False,2474,7fbaebf1720f30bdfc960b6aa0309711f1ddecdfbbf7982c1cee735ac5e1b02c,03bdb36f8d7d3babe21022313d37baf83ce0e86e92796904dc6898c9ae22cfa1,34,4,0
postgresql,org.apache.felix.scr.impl.manager.SingleComponentManager,getService,(Lorg/apache/felix/scr/impl/manager/ComponentContextImpl;)Ljava/lang/Object;,other dependency,other dependency,,UNBOUND,False,2474,7fbaebf1720f30bdfc960b6aa0309711f1ddecdfbbf7982c1cee735ac5e1b02c,54938689f2f44528bb1eac50e26d139bc3f0b6ec1e3ac61bbb3e0294e5936c4b,34,4,0
postgresql,org.apache.felix.scr.impl.manager.SingleComponentManager,getService,(Lorg/osgi/framework/Bundle;Lorg/osgi/framework/ServiceRegistration;)Ljava/lang/Object;,other dependency,other dependency,,UNBOUND,False,2474,7fbaebf1720f30bdfc960b6aa0309711f1ddecdfbbf7982c1cee735ac5e1b02c,29229cfc63edec5be059c8c553eb5bbfd5688e73d6638e6aa68536f4046a10e2,34,4,0
postgresql,org.apache.felix.scr.impl.manager.SingleComponentManager,getServiceInternal,(Lorg/osgi/framework/ServiceRegistration;)Z,other dependency,other dependency,,UNBOUND,False,2474,7fbaebf1720f30bdfc960b6aa0309711f1ddecdfbbf7982c1cee735ac5e1b02c,2ad9211164fc567ffe365b8d98c9b43d0401c357f23f4bd78ee9dc05ec576023,34,4,0
postgresql,org.apache.maven.surefire.api.util.ReflectionUtils,invokeMethodWithArray2,(Ljava/lang/Object;Ljava/lang/reflect/Method;[Ljava/lang/Object;)Ljava/lang/Object;,OSGi/Tycho/JUnit framework,OSGi/Tycho/JUnit framework,,UNBOUND,False,5193,e5629f3b44d922ef147ef60a55d5750322ad6ddbb8d371f3c4c272a877a33ac4,fe25b0383f0d21d1f6e9176aac5d02fa3f0f0be9c765dcd44080075d7a0a4060,2,272,0
postgresql,org.apache.maven.surefire.booter.ProviderFactory,invokeProvider,(Ljava/lang/Object;Ljava/lang/ClassLoader;Ljava/lang/Object;Lorg/apache/maven/surefire/booter/ProviderConfiguration;ZLorg/apache/maven/surefire/booter/StartupConfiguration;Z)Lorg/apache/maven/surefire/api/suite/RunResult;,OSGi/Tycho/JUnit framework,OSGi/Tycho/JUnit framework,,UNBOUND,False,5193,4286a5b86bb2f4c6cc2a7f696c216a580ce984e679b3fa2ed9f02eb28bb9cbb0,ba7d8a79a1d7f895d89cbd34bae2d92f21fdd9d2cafda6f407d8a9abe1d8f33a,2,272,0
postgresql,org.apache.maven.surefire.booter.ProviderFactory$ProviderProxy,invoke,(Ljava/lang/Object;)Lorg/apache/maven/surefire/api/suite/RunResult;,OSGi/Tycho/JUnit framework,OSGi/Tycho/JUnit framework,,UNBOUND,False,5193,2cacbf1bee7a064b4e06aaabb2a20ba7d528ea26e481c9d5d544054edeb7d9c5,d44aa1503ea08d75299b7e5d7d0fcab5ccc72b2eb02da1120c750ef209bb875d,2,272,0
postgresql,org.apache.maven.surefire.junitplatform.JUnitPlatformProvider,execute,(Lorg/apache/maven/surefire/api/util/TestsToRun;Lorg/apache/maven/surefire/junitplatform/RunListenerAdapter;)V,OSGi/Tycho/JUnit framework,OSGi/Tycho/JUnit framework,,UNBOUND,False,5193,f25a434381b9eaa3e09f6537be9bc10b7c402f4abb9db45801546552c30c908f,d4309c1d7f1cd25d75dbb51271340e121fe8bd53e3a73aa858a566799618a37d,2,272,0
postgresql,org.apache.maven.surefire.junitplatform.JUnitPlatformProvider,invoke,(Ljava/lang/Object;)Lorg/apache/maven/surefire/api/suite/RunResult;,OSGi/Tycho/JUnit framework,OSGi/Tycho/JUnit framework,,UNBOUND,False,5193,f25a434381b9eaa3e09f6537be9bc10b7c402f4abb9db45801546552c30c908f,80de348507789428b107785179b90c9e6d62a84aac6ac8747142934710a798b7,2,272,0
postgresql,org.apache.maven.surefire.junitplatform.JUnitPlatformProvider,invokeAllTests,(Lorg/apache/maven/surefire/api/util/TestsToRun;Lorg/apache/maven/surefire/junitplatform/RunListenerAdapter;)V,OSGi/Tycho/JUnit framework,OSGi/Tycho/JUnit framework,,UNBOUND,False,5193,f25a434381b9eaa3e09f6537be9bc10b7c402f4abb9db45801546552c30c908f,7213104ddc0a83b73d847020d8d2c11debbf4071a38dead35936861e5322838e,2,272,0
postgresql,org.apache.maven.surefire.junitplatform.LazyLauncher,execute,(Lorg/junit/platform/launcher/LauncherDiscoveryRequest;[Lorg/junit/platform/launcher/TestExecutionListener;)V,OSGi/Tycho/JUnit framework,OSGi/Tycho/JUnit framework,,UNBOUND,False,5193,835d21b3de79e875cbcd36789daa8d051259be232aa68226dbd7f40eef278083,cda3a1e91952d33404a3a8d8d27438b190bbcc901bbb439ff9022e30d6b7fc86,2,272,0
postgresql,org.compiere.acct.Doc,<init>,(Lorg/compiere/model/MAcctSchema;Ljava/lang/Class;Ljava/sql/ResultSet;Ljava/lang/String;Ljava/lang/String;)V,iDempiere application,iDempiere application,,BOUND-MATCH,True,2895,a925d47c193183793d32a45d88c2f50c322d62d3da74f7700902bb1fbc146f08,7ec31f28750166cff47c4029b8693f1c566d6714ee425c6f34cf1845ab07d5d4,79,24,0
postgresql,org.compiere.acct.Doc,get,(Lorg/compiere/model/MAcctSchema;ILjava/sql/ResultSet;Ljava/lang/String;)Lorg/compiere/acct/Doc;,iDempiere application,iDempiere application,,BOUND-MATCH,True,2895,a925d47c193183793d32a45d88c2f50c322d62d3da74f7700902bb1fbc146f08,30922fff964a7a8971a9dab0eeaecc96e843316e671d4bc6cfc35cdd4d71e8e8,34,26,0
postgresql,org.compiere.acct.Doc,post,(ZZZ)Ljava/lang/String;,iDempiere application,iDempiere application,,BOUND-MATCH,True,2895,a925d47c193183793d32a45d88c2f50c322d62d3da74f7700902bb1fbc146f08,fddff4c74465c0b6c0b49d39fd4e17f43bed5d95fe85bcd0b44a4963227b9d76,36,105,3
postgresql,org.compiere.acct.Doc,postImmediate,([Lorg/compiere/model/MAcctSchema;IIZLjava/lang/String;)Ljava/lang/String;,iDempiere application,iDempiere application,,BOUND-MATCH,True,2895,a925d47c193183793d32a45d88c2f50c322d62d3da74f7700902bb1fbc146f08,a35951fbe90adf1ba632232b12be57bbb4e69aca012bbbe1eb34eb739cdc0dc9,34,137,0
postgresql,org.compiere.acct.Doc,postLogic,()Ljava/lang/String;,iDempiere application,iDempiere application,,BOUND-MATCH,True,2895,a925d47c193183793d32a45d88c2f50c322d62d3da74f7700902bb1fbc146f08,5e2c102af4af0ce1bd2f928ee7c7aafe39eefce30ecd1063ca73317fa858ee0a,131,18,0
postgresql,org.compiere.acct.DocManager,getDocument,(Lorg/compiere/model/MAcctSchema;ILjava/sql/ResultSet;Ljava/lang/String;)Lorg/compiere/acct/Doc;,iDempiere application,iDempiere application,,BOUND-MATCH,True,2895,200ac52f2cc6bc67a1fa6a19d6a27ca7f2eb77a593b3c905cfd6ad19b1181033,060f53ecf04bdea5eb29aefd40b1be23960abe25e2dd532e256035958a095c3f,34,26,0
postgresql,org.compiere.acct.DocManager,postDocument,([Lorg/compiere/model/MAcctSchema;IIZZZLjava/lang/String;)Ljava/lang/String;,iDempiere application,iDempiere application,,BOUND-MATCH,True,2895,200ac52f2cc6bc67a1fa6a19d6a27ca7f2eb77a593b3c905cfd6ad19b1181033,d2725c53b6d99372cb9ec02304adc021c31664937f1522f23d9d98e4f48b528d,34,137,0
postgresql,org.compiere.acct.DocManager,postDocument,([Lorg/compiere/model/MAcctSchema;ILjava/sql/ResultSet;ZZZLjava/lang/String;)Ljava/lang/String;,iDempiere application,iDempiere application,,BOUND-MATCH,True,2895,200ac52f2cc6bc67a1fa6a19d6a27ca7f2eb77a593b3c905cfd6ad19b1181033,12f5cbfcaca34442fd1929af1ede681e0db3f9e1aa715979b634c3e143ecae81,34,137,0
postgresql,org.compiere.acct.DocManager,startBackDateProcess,([Lorg/compiere/model/MAcctSchema;IILjava/lang/String;)Ljava/lang/String;,iDempiere application,iDempiere application,,BOUND-MATCH,True,2895,200ac52f2cc6bc67a1fa6a19d6a27ca7f2eb77a593b3c905cfd6ad19b1181033,bb44a271640a635b04ca5a66454955f5e7398239ff4c9d5820c4cc8a8f1e439f,95,6,0
postgresql,org.compiere.acct.Doc_AllocationHdr,createFacts,(Lorg/compiere/model/MAcctSchema;)Ljava/util/ArrayList;,iDempiere application,iDempiere application,,UNBOUND,False,2895,da0b3a22f43edcb4dbeebca2a17cd7b023f67a3fe243668ee3463f51b24738ba,4afe35c88082c937b648d40440bc7af68a6f5350fe0174d8a350db210307e5aa,131,18,0
postgresql,org.compiere.acct.Doc_AllocationHdr,createInvoiceRoundingCorrection,(Lorg/compiere/model/MAcctSchema;Lorg/compiere/acct/Fact;Lorg/compiere/model/MAccount;Lorg/compiere/model/MAccount;)Ljava/lang/String;,iDempiere application,iDempiere application,,UNBOUND,False,2895,da0b3a22f43edcb4dbeebca2a17cd7b023f67a3fe243668ee3463f51b24738ba,5e87c1975fc408901f7a59a426982790063f69513eeb71cf3e54666decb4b645,143,2,0
postgresql,org.compiere.acct.Doc_AllocationHdr,isInterOrg,(Lorg/compiere/model/MAcctSchema;)Z,iDempiere application,iDempiere application,,UNBOUND,False,2895,da0b3a22f43edcb4dbeebca2a17cd7b023f67a3fe243668ee3463f51b24738ba,9167aef182677d231809f146bea64638eec563314c6f70fa76971584276a9fe8,131,4,0
postgresql,org.compiere.acct.Doc_AllocationHdr,loadDocumentDetails,()Ljava/lang/String;,iDempiere application,iDempiere application,,UNBOUND,False,2895,da0b3a22f43edcb4dbeebca2a17cd7b023f67a3fe243668ee3463f51b24738ba,d30185f28d6cfdb8b18388ea39aebbc896f285a4117699eb13b26d0eb0f71783,227,8,0
postgresql,org.compiere.acct.Doc_AllocationHdr,loadLines,(Lorg/compiere/model/MAllocationHdr;)[Lorg/compiere/acct/DocLine;,iDempiere application,iDempiere application,,UNBOUND,False,2895,da0b3a22f43edcb4dbeebca2a17cd7b023f67a3fe243668ee3463f51b24738ba,c67a8d273e3e8a96f5ac5146ff0c72397952cddf1bacd526054575a5613ae7d1,227,8,0
postgresql,org.compiere.acct.Doc_Inventory,loadDocumentDetails,()Ljava/lang/String;,iDempiere application,iDempiere application,,UNBOUND,False,2895,f2fe1f5a3920b623443181fd1cd7d4f69a061d59767d8297ce2118e9a1fdfb01,795517ea4507de8dff8095393651e571b65bb75939d38041af1ed1d17f601b19,39,4,0
postgresql,org.compiere.acct.Doc_Inventory,loadLines,(Lorg/compiere/model/MInventory;)[Lorg/compiere/acct/DocLine;,iDempiere application,iDempiere application,,UNBOUND,False,2895,f2fe1f5a3920b623443181fd1cd7d4f69a061d59767d8297ce2118e9a1fdfb01,2bc77bfc88742ba4eddd2e0a5d420a821d10ae7e66be7b9396618270f988d456,39,4,0
postgresql,org.compiere.acct.Doc_Invoice,<init>,(Lorg/compiere/model/MAcctSchema;Ljava/sql/ResultSet;Ljava/lang/String;)V,iDempiere application,iDempiere application,,UNBOUND,False,2895,f5244b7b49bbd3c6f0950f0914b383c6ce773d50ad8ec7eb1d3d2bd4d2c37d8a,39e52cbf36681ff7e0683835e8593afa15adba9923246d02f20e5dceb27c0694,79,24,0
postgresql,org.compiere.acct.Doc_Invoice,loadDocumentDetails,()Ljava/lang/String;,iDempiere application,iDempiere application,,UNBOUND,False,2895,f5244b7b49bbd3c6f0950f0914b383c6ce773d50ad8ec7eb1d3d2bd4d2c37d8a,6de7179c8c98a493b1a3de113ebdc167d35d82f45f35c0ae9cca4cf8b9128c4f,201,4,0
postgresql,org.compiere.acct.Doc_Invoice,loadLines,(Lorg/compiere/model/MInvoice;)[Lorg/compiere/acct/DocLine;,iDempiere application,iDempiere application,,UNBOUND,False,2895,f5244b7b49bbd3c6f0950f0914b383c6ce773d50ad8ec7eb1d3d2bd4d2c37d8a,a0195d83458c8267e5da19cb92cc6fd85b27370faab052dcabfca05969db6c5a,201,4,0
postgresql,org.compiere.model.MAllocationHdr,prepareIt,()Ljava/lang/String;,iDempiere application,iDempiere application,,UNBOUND,False,2895,916776e69b0eca77b488bc1eaf3b1ec1b805aa6eeccd3bf03f97db6d11d392b9,2334249386219ec5f4386c63b348c3fd5a662814b2e4d1f622d49c8324188eab,116,6,0
postgresql,org.compiere.model.MAllocationHdr,processIt,(Ljava/lang/String;)Z,iDempiere application,iDempiere application,,UNBOUND,False,2895,916776e69b0eca77b488bc1eaf3b1ec1b805aa6eeccd3bf03f97db6d11d392b9,93af1ce04f42a4b5d4325344ba2d38f4bd25c254829af2eb3fcb6b7f58aaa2db,116,30,0
postgresql,org.compiere.model.MAllocationLine,beforeSave,(Z)Z,iDempiere application,iDempiere application,,UNBOUND,False,2895,e0694a69443b812d16b96a9cf2fa61f787a6a90d3695c3b3e89ab185fb3280ee,aea093a5e6a941e4cc8bf78a3a7f0a223302d3dab9358afea117e92b637cc00c,114,6,0
postgresql,org.compiere.model.MAllocationLine,getInvoice,()Lorg/compiere/model/MInvoice;,iDempiere application,iDempiere application,,UNBOUND,False,2895,e0694a69443b812d16b96a9cf2fa61f787a6a90d3695c3b3e89ab185fb3280ee,4ac9127d4ea85b26802ace61a3096c386ba8f09100548de6c725dab1f698904a,114,12,0
postgresql,org.compiere.model.MBPGroup,<init>,(Ljava/util/Properties;ILjava/lang/String;)V,iDempiere application,iDempiere application,,UNBOUND,False,2895,61621cbf5694f1fa1cd374634b31b5b59307108ad0b65f88426a61a9ea325aea,0b2a498f4dcaa81de868f83629b2c46b2be66fba63b2c73f25c08f6bbc38792c,2,4,0
postgresql,org.compiere.model.MBPGroup,get,(Ljava/util/Properties;ILjava/lang/String;)Lorg/compiere/model/MBPGroup;,iDempiere application,iDempiere application,,UNBOUND,False,2895,61621cbf5694f1fa1cd374634b31b5b59307108ad0b65f88426a61a9ea325aea,cab9dd2dacd0e5de8f13d1ab9de289611fa23a8046309ee7008b7c823dda95df,2,4,0
postgresql,org.compiere.model.MBPGroup,getCopy,(Ljava/util/Properties;ILjava/lang/String;)Lorg/compiere/model/MBPGroup;,iDempiere application,iDempiere application,,UNBOUND,False,2895,61621cbf5694f1fa1cd374634b31b5b59307108ad0b65f88426a61a9ea325aea,9b1142f238c7e30cb2988d092b8953613e4c3a6ee42aee719df913d6f6bbab12,2,4,0
postgresql,org.compiere.model.MBPartner,beforeSave,(Z)Z,iDempiere application,iDempiere application,,UNBOUND,False,2895,6d715fa3d460f4fc3bce61732e6392224193b1192599340aaf443df79a8e2a83,cfa3ae7aef2a5438e2cec4661da5c1f33a40b69ecf033ccade3b8a6950e34141,2,4,0
postgresql,org.compiere.model.MBPartner,getBPGroup,()Lorg/compiere/model/MBPGroup;,iDempiere application,iDempiere application,,UNBOUND,False,2895,6d715fa3d460f4fc3bce61732e6392224193b1192599340aaf443df79a8e2a83,076201cf1453026b0603b4152354c337516b6b262fec0f9c81ab12db83732b9f,2,4,0
postgresql,org.compiere.model.MCost,create,(Lorg/compiere/model/MProduct;)V,iDempiere application,iDempiere application,,UNBOUND,False,2895,00811713873386812683c90d079a866f2ed9083c331ce06dfeed3371f4d0f79b,d84c5f1568d61fa1928c9476c91db9ee19002c99640184dc59354629ece56efb,6,15,0
postgresql,org.compiere.model.MCost,createCostingRecord,(Lorg/compiere/model/MProduct;ILorg/compiere/model/MAcctSchema;II)V,iDempiere application,iDempiere application,,UNBOUND,False,2895,00811713873386812683c90d079a866f2ed9083c331ce06dfeed3371f4d0f79b,ade17514fe8de2138b5cfd5e1afa80297b263564c701f439569383c7e9d9935f,6,15,0
postgresql,org.compiere.model.MCostDetail,getDateAcct,(IILjava/lang/String;)Ljava/sql/Timestamp;,iDempiere application,iDempiere application,,UNBOUND,False,2895,c3e1d232d93ab4071247ef03221b42cf9c3aa53554414f022c481b78d6adb222,a93525a15c537d0f65a15ba9aba019c7e2cac5533eeea82a9e9b07c847780ceb,95,6,0
postgresql,org.compiere.model.MDocType,<init>,(Ljava/util/Properties;ILjava/lang/String;)V,iDempiere application,iDempiere application,,UNBOUND,False,2895,0e9490b5a7845f9028a537a03327aacdd0420bec5c8b4d2e279c0cdc6e8db1ee,c56d8568c445f52319e99a625acf8bbedb06bee2e882bdacc2cf51bd217f55ad,21,1,0
postgresql,org.compiere.model.MDocType,get,(I)Lorg/compiere/model/MDocType;,iDempiere application,iDempiere application,,UNBOUND,False,2895,0e9490b5a7845f9028a537a03327aacdd0420bec5c8b4d2e279c0cdc6e8db1ee,1c27caadb2829891b596153c94ca47989f6f66d98464f49c0ba789566c61b42e,21,1,0
postgresql,org.compiere.model.MDocType,get,(Ljava/util/Properties;I)Lorg/compiere/model/MDocType;,iDempiere application,iDempiere application,,UNBOUND,False,2895,0e9490b5a7845f9028a537a03327aacdd0420bec5c8b4d2e279c0cdc6e8db1ee,5170d0b8ccecf803fb62f547eef612a6ec298f5c93f64eecb7b4ef8a0b890ee1,21,1,0
postgresql,org.compiere.model.MInOut,processIt,(Ljava/lang/String;)Z,iDempiere application,iDempiere application,,UNBOUND,False,2895,0ea743a5d2be72376b61800608fc3a236b944579d86f983e699147c6723a347f,a114f8e8c353afa8c6e975039d10dca682c77373564ff7e747ec783ed9acbcdb,63,10,0
postgresql,org.compiere.model.MInventory,beforeSave,(Z)Z,iDempiere application,iDempiere application,,UNBOUND,False,2895,f4e036ea14231a0977fa4990b747c1fc8a43208337761e2b08356a830721ed62,519587ea9c26973463b7174605be49347e3e47c0cfdb1817c9071c4ebce32bce,21,1,0
postgresql,org.compiere.model.MInventory,checkMaterialPolicy,(Lorg/compiere/model/MInventoryLine;Ljava/math/BigDecimal;)V,iDempiere application,iDempiere application,,UNBOUND,False,2895,f4e036ea14231a0977fa4990b747c1fc8a43208337761e2b08356a830721ed62,185bce836b72784a689447950afcb4b3e172aa221d6ef100b5d585b356bd2051,30,4,0
postgresql,org.compiere.model.MInventory,completeIt,()Ljava/lang/String;,iDempiere application,iDempiere application,,UNBOUND,False,2895,f4e036ea14231a0977fa4990b747c1fc8a43208337761e2b08356a830721ed62,0a9d7de9187d5f7f8dd80a93019dcb14692398cb2e3c9658f8639653d3176210,30,4,0
postgresql,org.compiere.model.MInventory,getLines,(Z)[Lorg/compiere/model/MInventoryLine;,iDempiere application,iDempiere application,,UNBOUND,False,2895,f4e036ea14231a0977fa4990b747c1fc8a43208337761e2b08356a830721ed62,4ae790a21d81dbd0e78a3e38938815758310a02a1251feaed15109e0c76c12f4,26,12,0
postgresql,org.compiere.model.MInventory,getSummary,()Ljava/lang/String;,iDempiere application,iDempiere application,,UNBOUND,False,2895,f4e036ea14231a0977fa4990b747c1fc8a43208337761e2b08356a830721ed62,05da8b6e2294e5a0fb960d25ee9e25884f819a1c8f1dd99fcf9d6ecb59690bb2,26,8,0
postgresql,org.compiere.model.MInventory,processIt,(Ljava/lang/String;)Z,iDempiere application,iDempiere application,,UNBOUND,False,2895,f4e036ea14231a0977fa4990b747c1fc8a43208337761e2b08356a830721ed62,3337bd767b422121017e5b55534b7f3869225bb0c7d929a0eb19b1c2a591bda0,30,15,0
postgresql,org.compiere.model.MInventoryLine,<init>,(Ljava/util/Properties;ILjava/lang/String;)V,iDempiere application,iDempiere application,,UNBOUND,False,2895,f85b64b17886abea94047cc9185fd8346fb76ee471297733f259d51b940af13c,e23b5d4b4da1e00e5fe5c7c5373f0443218a60b6a4054ba8c3c21c3d783ad90e,30,4,0
postgresql,org.compiere.model.MInventoryLine,<init>,(Ljava/util/Properties;ILjava/lang/String;[Ljava/lang/String;)V,iDempiere application,iDempiere application,,UNBOUND,False,2895,f85b64b17886abea94047cc9185fd8346fb76ee471297733f259d51b940af13c,54ff8498126de7fc3a4db76e404686b4a4eb46f74ed6f225e8a35b9a5fdf8148,30,4,0
postgresql,org.compiere.model.MInventoryLine,<init>,(Ljava/util/Properties;Ljava/sql/ResultSet;Ljava/lang/String;)V,iDempiere application,iDempiere application,,UNBOUND,False,2895,f85b64b17886abea94047cc9185fd8346fb76ee471297733f259d51b940af13c,cd357dfb54c610565bdb1235394c35a48f6e60d78bbd9b2e41a1e6a4a1c1995c,26,12,0
postgresql,org.compiere.model.MInventoryLineMA,beforeSave,(Z)Z,iDempiere application,iDempiere application,,UNBOUND,False,2895,62c3bd258c93dbded2a1529210eb7100cc5f070fcfbbcdffb5bbe89a30a9dac0,0594e2db8ecbd4173e211f3478df045a10eeb71fbb03b18c4100e335fca13c56,30,4,0
postgresql,org.compiere.model.MInvoice,<init>,(Ljava/util/Properties;ILjava/lang/String;)V,iDempiere application,iDempiere application,,UNBOUND,False,2895,695deeccbf070c41e9e727a34c439194feba0325c123252fb4ccd04e261156d2,49f2c18b1a4230503dcfe1162a14fe6d94c0ce88cf35fde540f7c0a6327cbd4f,75,74,0
postgresql,org.compiere.model.MInvoice,<init>,(Ljava/util/Properties;ILjava/lang/String;[Ljava/lang/String;)V,iDempiere application,iDempiere application,,UNBOUND,False,2895,695deeccbf070c41e9e727a34c439194feba0325c123252fb4ccd04e261156d2,daec4193a30cacdb9529f3c008a326c07f6740f5a22a904c6cb790cfbf1edbc6,75,74,0
postgresql,org.compiere.model.MInvoice,<init>,(Ljava/util/Properties;Ljava/sql/ResultSet;Ljava/lang/String;)V,iDempiere application,iDempiere application,,UNBOUND,False,2895,695deeccbf070c41e9e727a34c439194feba0325c123252fb4ccd04e261156d2,f5176438c6871ed41477a5f2fbef0d9d48b79eb41a9e3d23f1d059aba94d9004,79,12,0
postgresql,org.compiere.model.MInvoice,copyFrom,(Lorg/compiere/model/MInvoice;Ljava/sql/Timestamp;Ljava/sql/Timestamp;IZZLjava/lang/String;Z)Lorg/compiere/model/MInvoice;,iDempiere application,iDempiere application,,UNBOUND,False,2895,695deeccbf070c41e9e727a34c439194feba0325c123252fb4ccd04e261156d2,a9db55a9cfe80b2812bd89f2fe648916eab9fc9da14d55eafe392bf5a08c247c,190,2,0
postgresql,org.compiere.model.MInvoice,copyFrom,(Lorg/compiere/model/MInvoice;Ljava/sql/Timestamp;Ljava/sql/Timestamp;IZZLjava/lang/String;ZLjava/lang/String;)Lorg/compiere/model/MInvoice;,iDempiere application,iDempiere application,,UNBOUND,False,2895,695deeccbf070c41e9e727a34c439194feba0325c123252fb4ccd04e261156d2,4a5b61b656622bd9f86e7ad7ab150b378d5558a121189a2975ae8e6925b47b9a,190,2,0
postgresql,org.compiere.model.MInvoice,processIt,(Ljava/lang/String;)Z,iDempiere application,iDempiere application,,UNBOUND,False,2895,695deeccbf070c41e9e727a34c439194feba0325c123252fb4ccd04e261156d2,f5afe5382d3a8ed03bd306d16956e232fbeed5d542c7a8b33bef2b39940c9b38,79,118,0
postgresql,org.compiere.model.MInvoice,reverse,(Z)Lorg/compiere/model/MInvoice;,iDempiere application,iDempiere application,,UNBOUND,False,2895,695deeccbf070c41e9e727a34c439194feba0325c123252fb4ccd04e261156d2,bf6e4decb275572310f4c946433b2603b624f3deb6708d965c3c092530867aad,188,60,0
postgresql,org.compiere.model.MInvoice,reverseCorrectIt,()Z,iDempiere application,iDempiere application,,UNBOUND,False,2895,695deeccbf070c41e9e727a34c439194feba0325c123252fb4ccd04e261156d2,a3ddd3b2a9f41fcb5a3a1b43d33ca9475d536e66928fbd42ee6a22d7ae60d700,188,60,0
postgresql,org.compiere.model.MInvoiceLine,getParent,()Lorg/compiere/model/MInvoice;,iDempiere application,iDempiere application,,UNBOUND,False,2895,a8f57a7573cb2afc1db9ce652737cc92be9761b95d669f86a9dd1576bc729227,04af8d9a06308171502be0b21cc64ba5db8cfb8541d65dc539d9729c96151f5e,192,2,0
postgresql,org.compiere.model.MOrder,processIt,(Ljava/lang/String;)Z,iDempiere application,iDempiere application,,UNBOUND,False,2895,8651b3fd45185c6c0a5bc92562e3addaee01aa1ceaac5db9b69ad3a9021230e2,00801095a70ab54f03beff80a6d78cf83c83b9253778c6fa3bb2cc05868555a3,55,8,0
postgresql,org.compiere.model.MOrderLine,beforeSave,(Z)Z,iDempiere application,iDempiere application,,UNBOUND,False,2895,09ce1c8e1aaec7a6519cb0edc536a6018d0e2c3d41f57a2647bd706d3a192810,6df085a1932df6410d5b3479e800fb5b59d18e820e29c8792aee30b362633951,53,2,0
postgresql,org.compiere.model.MOrderLine,getProductPricing,(I)Lorg/adempiere/base/IProductPricing;,iDempiere application,iDempiere application,,UNBOUND,False,2895,09ce1c8e1aaec7a6519cb0edc536a6018d0e2c3d41f57a2647bd706d3a192810,9fcf53d103dd13e0c8f429972f87d6c20af8b0707e497c571cb1565c61f13f72,53,2,0
postgresql,org.compiere.model.MPayment,<init>,(Ljava/util/Properties;ILjava/lang/String;)V,iDempiere application,iDempiere application,,UNBOUND,False,2895,422da8f98e89d72ce22ded0bb02e4454b81130e2c192a3964e90f391be2a3129,5226983fb4bd8b4731813e949ab1e5b8f72fce6d4bfcb9b9efc9fc2a5d037338,107,3,0
postgresql,org.compiere.model.MPayment,allocateInvoice,()Z,iDempiere application,iDempiere application,,UNBOUND,False,2895,422da8f98e89d72ce22ded0bb02e4454b81130e2c192a3964e90f391be2a3129,a60be753d531d3ec94b40d70216d9796d3ea5bd8911782d34f283bef78f12655,112,6,0
postgresql,org.compiere.model.MPayment,allocateIt,()Z,iDempiere application,iDempiere application,,UNBOUND,False,2895,422da8f98e89d72ce22ded0bb02e4454b81130e2c192a3964e90f391be2a3129,3fc13527845eafebac24bc9cedc5081ea46ae581d6492c3ae3c7f40e87da830c,112,6,0
postgresql,org.compiere.model.MPayment,beforeSave,(Z)Z,iDempiere application,iDempiere application,,UNBOUND,False,2895,422da8f98e89d72ce22ded0bb02e4454b81130e2c192a3964e90f391be2a3129,dc7e78c2270d4c8b65914430b87cc1bef19a86cccff633608f1e5d3853e76008,110,2,0
postgresql,org.compiere.model.MPayment,completeIt,()Ljava/lang/String;,iDempiere application,iDempiere application,,UNBOUND,False,2895,422da8f98e89d72ce22ded0bb02e4454b81130e2c192a3964e90f391be2a3129,849b35c1d4f31c8b8336aa4f6c9c3ecfac7e17236125f028bbe733cff6fd280b,112,8,0
postgresql,org.compiere.model.MPayment,processIt,(Ljava/lang/String;)Z,iDempiere application,iDempiere application,,UNBOUND,False,2895,422da8f98e89d72ce22ded0bb02e4454b81130e2c192a3964e90f391be2a3129,0736e783289215f477df016fe18f69fd3b2c233261f961385454cf21d164f73c,112,34,0
postgresql,org.compiere.model.MProduct,afterSave,(ZZ)Z,iDempiere application,iDempiere application,,UNBOUND,False,2895,23162d4c8377a0be3ad4096be64a22b0da82bc48b88efb8b5b2800810a20822d,55ebc92d786ac2ed4703f6b34fda77b4e376138d95cca653aff765ee8419391a,6,15,0
postgresql,org.compiere.model.MTable,getPO,(ILjava/lang/String;)Lorg/compiere/model/PO;,iDempiere application,iDempiere application,,UNBOUND,False,2895,2f13a45f68b1cc1531603f88173e34144ccd69997742cc3b86ebf968767584dc,cb0e73a9a2317d0ccc894ab0e2ddca7554369a812e87ddff3ae32d4516a92434,75,22,0
postgresql,org.compiere.model.MTable,getPO,(Ljava/sql/ResultSet;Ljava/lang/String;)Lorg/compiere/model/PO;,iDempiere application,iDempiere application,,UNBOUND,False,2895,2f13a45f68b1cc1531603f88173e34144ccd69997742cc3b86ebf968767584dc,23701a94d5eb3446ac236841b61e3f41d9c80d142a6c420194013174ee8bfb08,26,12,0
postgresql,org.compiere.model.PO,<init>,(Ljava/util/Properties;ILjava/lang/String;)V,iDempiere application,iDempiere application,,BOUND-MATCH,True,2895,e35e27a7447548efd0a14edf572f432ee902812525fff821cd56e4e140d31dc1,18644df63328bb0199c62722cc1e75f3057fea236cdaf2645e10b5858b02934a,2,8,0
postgresql,org.compiere.model.PO,<init>,(Ljava/util/Properties;ILjava/lang/String;Ljava/sql/ResultSet;[Ljava/lang/String;)V,iDempiere application,iDempiere application,,BOUND-MATCH,True,2895,e35e27a7447548efd0a14edf572f432ee902812525fff821cd56e4e140d31dc1,47078fb5bcbd088b618bc57ff061562a01b3fee53d6889124008d48942dce54f,2,110,0
postgresql,org.compiere.model.PO,<init>,(Ljava/util/Properties;ILjava/lang/String;[Ljava/lang/String;)V,iDempiere application,iDempiere application,,BOUND-MATCH,True,2895,e35e27a7447548efd0a14edf572f432ee902812525fff821cd56e4e140d31dc1,7c0a995f37993f8f5310f0198371246a535ad15be33d5ea2947cf57d98c40511,30,78,0
postgresql,org.compiere.model.PO,<init>,(Ljava/util/Properties;Ljava/sql/ResultSet;Ljava/lang/String;)V,iDempiere application,iDempiere application,,BOUND-MATCH,True,2895,e35e27a7447548efd0a14edf572f432ee902812525fff821cd56e4e140d31dc1,9465312bdd81edf0cdf9b37b65157a8837c1c16a2999c1eb9b1a04b2bffd6a7e,26,24,0
postgresql,org.compiere.model.PO,checkRecordIDCrossTenant,()V,iDempiere application,iDempiere application,,BOUND-MATCH,True,2895,e35e27a7447548efd0a14edf572f432ee902812525fff821cd56e4e140d31dc1,ff244951731065fa41700d20756d523f24daa6a705cbc1edbed7dccdb1dc4516,43,3,0
postgresql,org.compiere.model.PO,doInsert,(Z)Z,iDempiere application,iDempiere application,,BOUND-MATCH,True,2895,e35e27a7447548efd0a14edf572f432ee902812525fff821cd56e4e140d31dc1,6fe490fd4b670567afc6f796ec33c13c04d3ad0baac0c91b9e94d6e730edc953,6,25,0
postgresql,org.compiere.model.PO,load,(ILjava/lang/String;[Ljava/lang/String;)V,iDempiere application,iDempiere application,,BOUND-MATCH,True,2895,e35e27a7447548efd0a14edf572f432ee902812525fff821cd56e4e140d31dc1,bd8c48dcc68033a7419798ec3dd9930bd14d5fa3c156aadabd2f1e4824063967,30,78,0
postgresql,org.compiere.model.PO,load,(Ljava/lang/String;[Ljava/lang/String;)Z,iDempiere application,iDempiere application,,BOUND-MATCH,True,2895,e35e27a7447548efd0a14edf572f432ee902812525fff821cd56e4e140d31dc1,4fc922b8e86a722f95d823ee7fe099d5a95b428b21f16f0afadbf050ac86239d,6,145,0
postgresql,org.compiere.model.PO,load,(Ljava/sql/ResultSet;)Z,iDempiere application,iDempiere application,,BOUND-MATCH,True,2895,e35e27a7447548efd0a14edf572f432ee902812525fff821cd56e4e140d31dc1,1d4334ee645e42204f6b5da15a4d28f0607a8fa63db88fb0ed48422535490635,6,169,0
postgresql,org.compiere.model.PO,loadColumn,(Ljava/sql/ResultSet;I)Z,iDempiere application,iDempiere application,,BOUND-MATCH,True,2895,e35e27a7447548efd0a14edf572f432ee902812525fff821cd56e4e140d31dc1,bd977a8c53cfbca83f99b0c66ce0d7d996440ab5a20e0e85a0d73aac2a5bbed9,6,169,81
postgresql,org.compiere.model.PO,loadPO,(Ljava/lang/String;Ljava/lang/String;[Ljava/lang/String;)Z,iDempiere application,iDempiere application,,BOUND-MATCH,True,2895,e35e27a7447548efd0a14edf572f432ee902812525fff821cd56e4e140d31dc1,2f0aaacf628f46a639541f81bba149d2d272563464dcf06d9a02efb7a9cf64bd,6,145,0
postgresql,org.compiere.model.PO,save,()Z,iDempiere application,iDempiere application,,BOUND-MATCH,True,2895,e35e27a7447548efd0a14edf572f432ee902812525fff821cd56e4e140d31dc1,165b1ad4e8d57a4526f4357ceec11c90f4eec8020e29b1f71010c60d4ee5fd08,2,62,0
postgresql,org.compiere.model.PO,saveEx,()V,iDempiere application,iDempiere application,,BOUND-MATCH,True,2895,e35e27a7447548efd0a14edf572f432ee902812525fff821cd56e4e140d31dc1,2b9a5675f0df816d6b00a7d1a4a145e41563e8acc4e15e465e09fea5b65376bd,2,47,0
postgresql,org.compiere.model.PO,saveEx,(Ljava/lang/String;)V,iDempiere application,iDempiere application,,BOUND-MATCH,True,2895,e35e27a7447548efd0a14edf572f432ee902812525fff821cd56e4e140d31dc1,104777f2b378e22dc5a01375f2b1fb960e846e25cef99f925cf22a378da30d12,114,4,0
postgresql,org.compiere.model.PO,saveFinish,(ZZ)Z,iDempiere application,iDempiere application,,BOUND-MATCH,True,2895,e35e27a7447548efd0a14edf572f432ee902812525fff821cd56e4e140d31dc1,d6cf901cea63d761526519327c041042f61dce35f986b80765398ced5e18a196,6,15,0
postgresql,org.compiere.model.PO,saveNew,()Z,iDempiere application,iDempiere application,,BOUND-MATCH,True,2895,e35e27a7447548efd0a14edf572f432ee902812525fff821cd56e4e140d31dc1,4eae41f2ab02bca2ae8337f486050021ede92d2efe48473b34fcecb31542185f,6,40,0
postgresql,org.compiere.model.POInfo,<init>,(Ljava/util/Properties;IZLjava/lang/String;)V,iDempiere application,iDempiere application,,UNBOUND,False,2895,89ac4bbde2a016a0ed8c3712bcc320480cb2da6c3a7763ca7302dd036339622b,af02c39ea51527f9205b67f9c185bb20eb93a7418c7a6e2aecbebec108a7c44f,2,8,0
postgresql,org.compiere.model.POInfo,getPOInfo,(Ljava/util/Properties;ILjava/lang/String;)Lorg/compiere/model/POInfo;,iDempiere application,iDempiere application,,UNBOUND,False,2895,89ac4bbde2a016a0ed8c3712bcc320480cb2da6c3a7763ca7302dd036339622b,8aada5a583499704b4a8933630dc20b7b6ebfe11015fd3507136871749de8931,2,8,0
postgresql,org.compiere.model.POInfo,loadInfo,(ZLjava/lang/String;)V,iDempiere application,iDempiere application,,UNBOUND,False,2895,89ac4bbde2a016a0ed8c3712bcc320480cb2da6c3a7763ca7302dd036339622b,bb24aa27b5157932531cce1706852bc96bbc016855817f92a31ab39b4e106eb4,2,8,0
postgresql,org.compiere.model.POInfoColumn,<init>,(ILjava/lang/String;Ljava/lang/String;IZZLjava/lang/String;Ljava/lang/String;Ljava/lang/String;ZZILjava/lang/String;ILjava/lang/String;Ljava/lang/String;ZZZZ)V,iDempiere application,iDempiere application,,UNBOUND,False,2895,6f4b593be4f6bb126e51233052f5ed8f985ae0298fe994132c3ea8eb87f65e01,b83a6bb5a85fd23da9689b00af3b87f3cc2e8e81d1ba2f70e20f8979a5d95266,2,8,8
postgresql,org.compiere.model.Query,getPO,(Ljava/sql/ResultSet;)Lorg/compiere/model/PO;,iDempiere application,iDempiere application,,UNBOUND,False,2895,79416558b84c7783924250df59efe0855b808e6547829a8c805276c7d48608fe,aa40a4e83287af8940d9e317924c5c040a10a303d566aa5c9d97f9e8c549a705,26,12,0
postgresql,org.compiere.model.Query,list,()Ljava/util/List;,iDempiere application,iDempiere application,,UNBOUND,False,2895,79416558b84c7783924250df59efe0855b808e6547829a8c805276c7d48608fe,3b35174f37023ea2a624602f3f8c08dcd5edf9a6e66825d65535becf18735cee,26,12,0
postgresql,org.compiere.model.X_C_BP_Group,<init>,(Ljava/util/Properties;ILjava/lang/String;)V,iDempiere application,iDempiere application,,UNBOUND,False,2895,a7c9fb9b018ce51ded67b1263fc76acd6642089c3c4f677819512e1d097dfe53,79c0ade6aa81c4d6685c47339a9fd3a3b150abef3caf589306c90799301f42b7,2,4,0
postgresql,org.compiere.model.X_C_BP_Group,initPO,(Ljava/util/Properties;)Lorg/compiere/model/POInfo;,iDempiere application,iDempiere application,,UNBOUND,False,2895,a7c9fb9b018ce51ded67b1263fc76acd6642089c3c4f677819512e1d097dfe53,bc2e284b6762301b88940c1c26c7b3c9e8653fe22dbba28ab7ef5e11c638cf04,2,4,0
postgresql,org.compiere.model.X_C_DocType,<init>,(Ljava/util/Properties;ILjava/lang/String;)V,iDempiere application,iDempiere application,,UNBOUND,False,2895,2d2684e71bf7c0f3de5f5eda7608e86418869cd64e647c64a104077c7dff91cf,4ef4042e8c0a967e934120b6c23168a44d9676d5dbfeae7a7315a17905f0a3b9,21,1,0
postgresql,org.compiere.model.X_C_DocType,initPO,(Ljava/util/Properties;)Lorg/compiere/model/POInfo;,iDempiere application,iDempiere application,,UNBOUND,False,2895,2d2684e71bf7c0f3de5f5eda7608e86418869cd64e647c64a104077c7dff91cf,b61be8dbf8127e94cb916aaa4a0900a9a826c31abd247e2271a889f484e0deb6,21,1,0
postgresql,org.compiere.model.X_C_Invoice,<init>,(Ljava/util/Properties;ILjava/lang/String;[Ljava/lang/String;)V,iDempiere application,iDempiere application,,UNBOUND,False,2895,42c8302f0ae6e8ee58c24daf1477eae6b941bb804aadc257586e03e76dbf1a75,5fe4eea47562ce03a4974caac298b67af096df9266f3c071cd693bd723940019,75,74,0
postgresql,org.compiere.model.X_C_Invoice,<init>,(Ljava/util/Properties;Ljava/sql/ResultSet;Ljava/lang/String;)V,iDempiere application,iDempiere application,,UNBOUND,False,2895,42c8302f0ae6e8ee58c24daf1477eae6b941bb804aadc257586e03e76dbf1a75,fa3be9b76be8d4a2f5d62383dfed5f11cda61110dcd6bac92596c71c5cd862fe,79,12,0
postgresql,org.compiere.model.X_C_Payment,<init>,(Ljava/util/Properties;ILjava/lang/String;)V,iDempiere application,iDempiere application,,UNBOUND,False,2895,92ca1c2f389bc7780b15573fce24f6b5f0fa450c64c666014e926a1706dad752,f596759749bad90b2ddc783dcda4fc7f2c5b31cb646c7ace20b701416eaf0c68,107,3,0
postgresql,org.compiere.model.X_C_Payment,initPO,(Ljava/util/Properties;)Lorg/compiere/model/POInfo;,iDempiere application,iDempiere application,,UNBOUND,False,2895,92ca1c2f389bc7780b15573fce24f6b5f0fa450c64c666014e926a1706dad752,8bf8e4051469e0a9e7acc25eacd82e009136aa8d3565d6eec3c6f40481f37608,107,3,0
postgresql,org.compiere.model.X_M_InventoryLine,<init>,(Ljava/util/Properties;ILjava/lang/String;[Ljava/lang/String;)V,iDempiere application,iDempiere application,,UNBOUND,False,2895,162f80313ca459f61de5df95a8fcf16949ee767294faf118be88b1dc6b658cf0,daf865c08ec307276b21c953062403f1778f1dfe811867f0cfe33f07f55ee838,30,4,0
postgresql,org.compiere.model.X_M_InventoryLine,<init>,(Ljava/util/Properties;Ljava/sql/ResultSet;Ljava/lang/String;)V,iDempiere application,iDempiere application,,UNBOUND,False,2895,162f80313ca459f61de5df95a8fcf16949ee767294faf118be88b1dc6b658cf0,212874d8713249716ee2a13e458a6a859e922e6ccc4d20ad27a17de681374a23,26,12,0
postgresql,org.compiere.model.credit.CreditManagerPayment,checkCreditStatus,(Ljava/lang/String;)Lorg/adempiere/base/CreditStatus;,iDempiere application,iDempiere application,,UNBOUND,False,2895,32e77f830a6924475356ab7381d7f49be458715811609331a44845a8731258a7,c9b882b381dfca9bee613e74b7b05d9890162b69744bec02009d3bde6393ea72,112,6,0
postgresql,org.compiere.process.DocumentEngine,completeIt,()Ljava/lang/String;,iDempiere application,iDempiere application,,UNBOUND,False,2895,ba1a3927c3e9fceab887a2986a596e386d8868b9fac39ffe9e4b444ed3418d3a,11cbee8e748ecd0d1c7518992e948b5b54aaae0be2170c6659af68c9429c24e8,30,12,0
postgresql,org.compiere.process.DocumentEngine,postImmediate,(Ljava/util/Properties;IIIZLjava/lang/String;)Ljava/lang/String;,iDempiere application,iDempiere application,,UNBOUND,False,2895,ba1a3927c3e9fceab887a2986a596e386d8868b9fac39ffe9e4b444ed3418d3a,da5836655b41426feda003f678f4073c30c50203546b49b425edc3889d42b05a,34,137,0
postgresql,org.compiere.process.DocumentEngine,postIt,()Z,iDempiere application,iDempiere application,,UNBOUND,False,2895,ba1a3927c3e9fceab887a2986a596e386d8868b9fac39ffe9e4b444ed3418d3a,8ef633fb6e767ecc9994a1d90fc1ba7c1072127eb5da721c1feb3b797850e435,34,119,0
postgresql,org.compiere.process.DocumentEngine,prepareIt,()Ljava/lang/String;,iDempiere application,iDempiere application,,UNBOUND,False,2895,ba1a3927c3e9fceab887a2986a596e386d8868b9fac39ffe9e4b444ed3418d3a,35cf6aaa39555dd20290c9dc2cc3bb11045c5436abd326e2765c05ef6cfbeddd,116,6,0
postgresql,org.compiere.process.DocumentEngine,processIt,(Ljava/lang/String;)Z,iDempiere application,iDempiere application,,UNBOUND,False,2895,ba1a3927c3e9fceab887a2986a596e386d8868b9fac39ffe9e4b444ed3418d3a,01f5e8a1b27e4347e489f3d5b493bb6dffc41fc207c31521cbbcdacef51ee5b8,30,215,0
postgresql,org.compiere.process.DocumentEngine,processIt,(Ljava/lang/String;Ljava/lang/String;)Z,iDempiere application,iDempiere application,,UNBOUND,False,2895,ba1a3927c3e9fceab887a2986a596e386d8868b9fac39ffe9e4b444ed3418d3a,906bdcd723687a19ca469da3f6283fe5001a612588a1688e285572cf4a12027b,30,215,0
postgresql,org.compiere.process.DocumentEngine,reverseCorrectIt,()Z,iDempiere application,iDempiere application,,UNBOUND,False,2895,ba1a3927c3e9fceab887a2986a596e386d8868b9fac39ffe9e4b444ed3418d3a,765001d5b697ea5cf65c622acb0d1532763916b5e78b1281283c2549ce5b92cc,188,60,0
postgresql,org.compiere.process.ServerProcessCtl,process,(Lorg/compiere/process/ProcessInfo;Lorg/compiere/util/Trx;)Lorg/compiere/process/ServerProcessCtl;,iDempiere application,iDempiere application,,UNBOUND,False,2895,8757a23f61ac9dc932a337691784ac4396bd6100e29bfe36ac7314888205ebe2,f0bc57069e0fa5c16bdb5ea6bf0f09ae51d3201cc51db0e507692c67c9bdc7e8,26,187,0
postgresql,org.compiere.process.ServerProcessCtl,process,(Lorg/compiere/process/ProcessInfo;Lorg/compiere/util/Trx;Z)Lorg/compiere/process/ServerProcessCtl;,iDempiere application,iDempiere application,,UNBOUND,False,2895,8757a23f61ac9dc932a337691784ac4396bd6100e29bfe36ac7314888205ebe2,15d0560af1477330cd46f88cec103be6340b5f768e61710c978bcf04c64fede7,26,187,0
postgresql,org.compiere.process.ServerProcessCtl,run,()V,iDempiere application,iDempiere application,,UNBOUND,False,2895,8757a23f61ac9dc932a337691784ac4396bd6100e29bfe36ac7314888205ebe2,2e4b22b5c74a7ca8334c61b5e50e6a316b459210b79fd294a2a0c9ba38e86beb,26,187,0
postgresql,org.compiere.process.ServerProcessCtl,startWorkflow,(I)Z,iDempiere application,iDempiere application,,UNBOUND,False,2895,8757a23f61ac9dc932a337691784ac4396bd6100e29bfe36ac7314888205ebe2,4b084f0f6987ea0f2b8a0c57eb66a1b10653e0f97444b4288f9c25b063d97ff5,26,187,0
postgresql,org.compiere.util.DB,executeUpdate,(Ljava/lang/String;Ljava/lang/String;)I,iDempiere application,iDempiere application,,BOUND-MATCH,True,2895,0dad094d0ff32ceb2a4b35273e00b303e0eedc714acef439f6361b17aeb189b4,c48a90d5cce0f6b7e7b2b4862eaec66f4d1dc7a86462c73194061a114944be55,37,34,0
postgresql,org.compiere.wf.MWFActivity,getPO,(Lorg/compiere/util/Trx;)Lorg/compiere/model/PO;,iDempiere application,iDempiere application,,UNBOUND,False,2895,5804924407f15dd1ffe7bb91407ff05fc3039af552dd39c8c11f4d3613d3adcb,9cb7234d69dc6be2697f53c055aa40a3612a7ab7b928b0c93f59ce721365f7b6,75,16,0
postgresql,org.compiere.wf.MWFActivity,getPO_AD_Client_ID,()I,iDempiere application,iDempiere application,,UNBOUND,False,2895,5804924407f15dd1ffe7bb91407ff05fc3039af552dd39c8c11f4d3613d3adcb,5ae9587a51e2e7829bcfa6eba319dca7245048420ec1657458c1185ebce97e0e,75,16,0
postgresql,org.compiere.wf.MWFActivity,performWork,(Lorg/compiere/util/Trx;)Z,iDempiere application,iDempiere application,,UNBOUND,False,2895,5804924407f15dd1ffe7bb91407ff05fc3039af552dd39c8c11f4d3613d3adcb,107cd86cb3370f51f5a81fa53ba66bfda873a4cab5193bad18da1d66302df9e8,30,167,0
postgresql,org.compiere.wf.MWFActivity,run,()V,iDempiere application,iDempiere application,,UNBOUND,False,2895,5804924407f15dd1ffe7bb91407ff05fc3039af552dd39c8c11f4d3613d3adcb,da2d0b720979ad4caf104180ec7f451b3d456bdd115c2a351e91ff2e13c4cd07,30,471,0
postgresql,org.compiere.wf.MWFActivity,setWFState,(Ljava/lang/String;)V,iDempiere application,iDempiere application,,UNBOUND,False,2895,5804924407f15dd1ffe7bb91407ff05fc3039af552dd39c8c11f4d3613d3adcb,3e6572e16aedf0a8346af056ce95698dea84ac6a9c01e5fc42a0a220a8ec4a9a,30,304,0
postgresql,org.compiere.wf.MWFProcess,<init>,(Lorg/compiere/wf/MWorkflow;Lorg/compiere/process/ProcessInfo;Ljava/lang/String;)V,iDempiere application,iDempiere application,,UNBOUND,False,2895,b9f16d8ec503ce52c614e1a1caee7c056f3e524f76b60025707eefd13a193817,15499103de02b48008b50fe27ca2c3020a69cee0b42831c2fc7403d5d14e1d5f,26,4,0
postgresql,org.compiere.wf.MWFProcess,checkActivities,(Ljava/lang/String;Lorg/compiere/model/PO;)V,iDempiere application,iDempiere application,,UNBOUND,False,2895,b9f16d8ec503ce52c614e1a1caee7c056f3e524f76b60025707eefd13a193817,18ff69d2bcb299c6d20f540391c2bdfc7a25575813aa5fdd850685ae34893c56,30,304,0
postgresql,org.compiere.wf.MWFProcess,setTextMsg,(Lorg/compiere/model/PO;)V,iDempiere application,iDempiere application,,UNBOUND,False,2895,b9f16d8ec503ce52c614e1a1caee7c056f3e524f76b60025707eefd13a193817,8bbcc51b947d94215b3441f41290019e79427ccbbad742452425f3d57108b92e,26,4,0
postgresql,org.compiere.wf.MWFProcess,startNext,(Lorg/compiere/wf/MWFActivity;[Lorg/compiere/wf/MWFActivity;Lorg/compiere/model/PO;Ljava/lang/String;)Z,iDempiere application,iDempiere application,,UNBOUND,False,2895,b9f16d8ec503ce52c614e1a1caee7c056f3e524f76b60025707eefd13a193817,642381a27641d2d986473cf844f7488fa27838b281ac84a9597f619e5e143e34,30,304,0
postgresql,org.compiere.wf.MWFProcess,startWork,()Z,iDempiere application,iDempiere application,,UNBOUND,False,2895,b9f16d8ec503ce52c614e1a1caee7c056f3e524f76b60025707eefd13a193817,0c345b395009223dc915bd298f94d6729cbe2a8c635ebd94df77a89c8b238a43,30,183,0
postgresql,org.compiere.wf.MWorkflow,runDocumentActionWorkflow,(Lorg/compiere/model/PO;Ljava/lang/String;)Lorg/compiere/process/ProcessInfo;,iDempiere application,iDempiere application,,UNBOUND,False,2895,4079ca9174254319bce053a60f1145580b8d2f6ceceb57f3c86bf60a174de7f6,024c7d89be9e91734bae7342addc6b67db7f4af4e033dd97bfa8483d2e10d509,26,187,0
postgresql,org.compiere.wf.MWorkflow,start,(Lorg/compiere/process/ProcessInfo;Ljava/lang/String;)Lorg/compiere/wf/MWFProcess;,iDempiere application,iDempiere application,,UNBOUND,False,2895,4079ca9174254319bce053a60f1145580b8d2f6ceceb57f3c86bf60a174de7f6,a0db335edb33e25854b481256efb3ad33cebdc4d5625c2a28c6a12c109b53b8f,26,187,0
postgresql,org.eclipse.core.runtime.adaptor.EclipseStarter,run,(Ljava/lang/Object;)Ljava/lang/Object;,OSGi/Tycho/JUnit framework,OSGi/Tycho/JUnit framework,,UNBOUND,False,1144,dc819f223b70713591194f608ca71b00557a63adc858bb3adacd5c2295e7ca38,3defa0ca4a1363ffb67bce086a4087d2e2bdd15e1a7128635923d7d22f38300d,2,272,0
postgresql,org.eclipse.core.runtime.adaptor.EclipseStarter,run,([Ljava/lang/String;Ljava/lang/Runnable;)Ljava/lang/Object;,OSGi/Tycho/JUnit framework,OSGi/Tycho/JUnit framework,,UNBOUND,False,1144,dc819f223b70713591194f608ca71b00557a63adc858bb3adacd5c2295e7ca38,d1ca9ec97544caada7ebd344d923520ff704e2e8e87d052b115e2f12e46ecb8c,2,272,0
postgresql,org.eclipse.core.runtime.internal.adaptor.EclipseAppLauncher,runApplication,(Ljava/lang/Object;)Ljava/lang/Object;,OSGi/Tycho/JUnit framework,OSGi/Tycho/JUnit framework,,UNBOUND,False,1144,e522f8dc36dd8ead0f41d40256df3de46a4299ecfcf3c1cb7cc62f005c8b6377,ca62570505b53a9c96fa447ef2b46260d4e5ba34603dd49017e03e7849885d51,2,272,0
postgresql,org.eclipse.core.runtime.internal.adaptor.EclipseAppLauncher,start,(Ljava/lang/Object;)Ljava/lang/Object;,OSGi/Tycho/JUnit framework,OSGi/Tycho/JUnit framework,,UNBOUND,False,1144,e522f8dc36dd8ead0f41d40256df3de46a4299ecfcf3c1cb7cc62f005c8b6377,60c27daf90bbf3ada24be8e7cf290b3a33dff4504aec2f4b7e433f631d19496d,2,272,0
postgresql,org.eclipse.equinox.internal.app.EclipseAppHandle,run,(Ljava/lang/Object;)Ljava/lang/Object;,OSGi/Tycho/JUnit framework,OSGi/Tycho/JUnit framework,,UNBOUND,False,5099,d246011db6f8da3190317a226b4f4b6c56d47cf09caa51946ecdb1c71aaf2e7a,b61c807c7659f75ac25d91f83f0874bb776fe2fa38c8a56aa02ef46b49ded86b,2,272,0
postgresql,org.eclipse.equinox.launcher.Main,basicRun,([Ljava/lang/String;)V,OSGi/Tycho/JUnit framework,OSGi/Tycho/JUnit framework,,UNBOUND,False,1099,43f8f85b914f7b7f7f5fc1039445afdefd0499ffb5c1f42311397a1919c393c5,e3b71d116f45e33bf6bf8ae9aa0a92d275c317e8465b857b28840863c065cfaf,2,272,0
postgresql,org.eclipse.equinox.launcher.Main,invokeFramework,([Ljava/lang/String;[Ljava/net/URL;)V,OSGi/Tycho/JUnit framework,OSGi/Tycho/JUnit framework,,UNBOUND,False,1099,43f8f85b914f7b7f7f5fc1039445afdefd0499ffb5c1f42311397a1919c393c5,8a42faac7839f0227d8e6b2f6829dca74879d7423f32409fad8d6d15ac0361f1,2,272,0
postgresql,org.eclipse.equinox.launcher.Main,main,([Ljava/lang/String;)V,OSGi/Tycho/JUnit framework,OSGi/Tycho/JUnit framework,,UNBOUND,False,1099,43f8f85b914f7b7f7f5fc1039445afdefd0499ffb5c1f42311397a1919c393c5,f51a8aee0a16b43b95d85ad3308d2080dba4065593a42626c14dfa7525734c58,2,272,0
postgresql,org.eclipse.equinox.launcher.Main,run,([Ljava/lang/String;)I,OSGi/Tycho/JUnit framework,OSGi/Tycho/JUnit framework,,UNBOUND,False,1099,43f8f85b914f7b7f7f5fc1039445afdefd0499ffb5c1f42311397a1919c393c5,510105f4bdd2790f897ace3386b2e25acd9a4fdc394a8569960758284a724ec1,2,272,0
postgresql,org.eclipse.osgi.internal.framework.BundleContextImpl,getService,(Lorg/osgi/framework/ServiceReference;)Ljava/lang/Object;,OSGi/Tycho/JUnit framework,OSGi/Tycho/JUnit framework,,UNBOUND,False,1144,df710e54c036fd3fffbc7bcf4b19863eed7b68c45d4e425a77b21c8bc67b96d4,ef39ab6bb070b8f59494805cecd6657cd40dd77c1b9c0c9b4f1c0475f189ebd0,34,4,0
postgresql,org.eclipse.osgi.internal.loader.BundleLoader,findClass,(Ljava/lang/String;)Ljava/lang/Class;,OSGi/Tycho/JUnit framework,OSGi/Tycho/JUnit framework,,UNBOUND,False,1144,aedf58150e153e1a1e15705de3947fde8f842d09a0d49998d1cfc7a7678b5530,d9a2a31f7d538311057fe8e130cc10ac0d1fbf06513f00ab871598091d9a5f2d,6,6,0
postgresql,org.eclipse.osgi.internal.loader.BundleLoader,findClass0,(Ljava/lang/String;ZZ)Ljava/lang/Class;,OSGi/Tycho/JUnit framework,OSGi/Tycho/JUnit framework,,UNBOUND,False,1144,aedf58150e153e1a1e15705de3947fde8f842d09a0d49998d1cfc7a7678b5530,9e8bf0acb6f4c49bdde1d31572e2e372d43b203d54560af8209f1d71137c8798,6,6,3
postgresql,org.eclipse.osgi.internal.loader.BundleLoader,generateException,(Ljava/lang/String;Z)Ljava/lang/Class;,OSGi/Tycho/JUnit framework,OSGi/Tycho/JUnit framework,,UNBOUND,False,1144,aedf58150e153e1a1e15705de3947fde8f842d09a0d49998d1cfc7a7678b5530,9196a24c20aa8547c63d7e2949832f7af7ace26f55832d20491d6a079b1132aa,7,3,0
postgresql,org.eclipse.osgi.internal.loader.ModuleClassLoader,loadClass,(Ljava/lang/String;Z)Ljava/lang/Class;,OSGi/Tycho/JUnit framework,OSGi/Tycho/JUnit framework,,UNBOUND,False,1144,32e609c3b0070609065163b02bec6011cad01cf93bcc76ecf4cf34f448d0cd15,f3204fb98ebe1fe842efa70eb205923cfc214357a88481df1d5f463a1a7c8e33,6,6,0
postgresql,org.eclipse.osgi.internal.serviceregistry.ServiceConsumer$2,getService,(Lorg/eclipse/osgi/internal/serviceregistry/ServiceUse;)Ljava/lang/Object;,OSGi/Tycho/JUnit framework,OSGi/Tycho/JUnit framework,,UNBOUND,False,1144,7e2469e614b7910505c8ce2eb13ed888be6a582957afe9f1c7944bf454a5c275,f919ea606fe9cdd483648a5f1dd2890a15ac0866ace33e4bc020a2bda489ba43,34,4,0
postgresql,org.eclipse.osgi.internal.serviceregistry.ServiceFactoryUse,factoryGetService,()Ljava/lang/Object;,OSGi/Tycho/JUnit framework,OSGi/Tycho/JUnit framework,,UNBOUND,False,1144,8da9489991a846a37958e17b1cf105c5dc5cee664716a79cd999f30f397d3d3f,fbdffca01ab1ab6e5fff3481968d7b8515e78d74e3f2fcea6b06e5c182492d74,34,4,0
postgresql,org.eclipse.osgi.internal.serviceregistry.ServiceFactoryUse,getService,()Ljava/lang/Object;,OSGi/Tycho/JUnit framework,OSGi/Tycho/JUnit framework,,UNBOUND,False,1144,8da9489991a846a37958e17b1cf105c5dc5cee664716a79cd999f30f397d3d3f,e8d8b2b7b734de655191c180c113dfbf4a61fad23f13eadafe0cb07a56aa8c41,34,4,0
postgresql,org.eclipse.osgi.internal.serviceregistry.ServiceFactoryUse$1,run,()Ljava/lang/Object;,OSGi/Tycho/JUnit framework,OSGi/Tycho/JUnit framework,,UNBOUND,False,1144,04fa4ee44cd325d769a34f5e63240f1d1a69899a9f316e84ed9f6a0acf2d65f7,17d5ec331705898e13c0a38e49af91729b123723d1f218757769c0aec9b259bd,34,4,0
postgresql,org.eclipse.osgi.internal.serviceregistry.ServiceRegistrationImpl,getService,(Lorg/eclipse/osgi/internal/framework/BundleContextImpl;Lorg/eclipse/osgi/internal/serviceregistry/ServiceConsumer;)Ljava/lang/Object;,OSGi/Tycho/JUnit framework,OSGi/Tycho/JUnit framework,,UNBOUND,False,1144,99034408ad67719f5c8b8e523541f55db2189fad8d93b0e1edda3e901680ff82,bb987b62c409b9017eaf4127a63fadba382f103dc0a65a34a1d25b05b5aefc0d,34,4,0
postgresql,org.eclipse.osgi.internal.serviceregistry.ServiceRegistry,getService,(Lorg/eclipse/osgi/internal/framework/BundleContextImpl;Lorg/eclipse/osgi/internal/serviceregistry/ServiceReferenceImpl;)Ljava/lang/Object;,OSGi/Tycho/JUnit framework,OSGi/Tycho/JUnit framework,,UNBOUND,False,1144,d0d0894bded078d28e69fcbdab798f25bdd68af35bcafc4152d3c7f42fd6f5a7,b283664bcb7a76bca04299c0d802a0eab7886ab236fa991e389111199bf00ddf,34,4,0
postgresql,org.eclipse.tycho.surefire.osgibooter.HeadlessTestApplication,start,(Lorg/eclipse/equinox/app/IApplicationContext;)Ljava/lang/Object;,OSGi/Tycho/JUnit framework,OSGi/Tycho/JUnit framework,,UNBOUND,False,5193,53cd382b7cba4e2105d5aa45c25a1b192eee813600c44604c03f8591a07e5ef5,b6fe09e39bf7544864c04e5ee60f747f019bc134c41767f124245b10cbfd5fec,2,272,0
postgresql,org.eclipse.tycho.surefire.osgibooter.OsgiSurefireBooter,run,([Ljava/lang/String;Ljava/util/Properties;)I,OSGi/Tycho/JUnit framework,OSGi/Tycho/JUnit framework,,UNBOUND,False,5193,9bf13f35e1e8d19668ddb40cbbf833bd1cbdc14a2b959816e914b3cb87640bc5,222e2b3dc79d45f89d5a796c79047fd26da5365ba2b1c1e210d9c3c096b27d7a,2,272,0
postgresql,org.idempiere.test.JourneySupport,postOnce,(Lorg/compiere/model/PO;[Lorg/compiere/model/MAcctSchema;)V,support,support,,BOUND-MATCH,True,6118,84ba2ff81c898a75bf7276438bfa53225ed1a25c6ee9260b7593cc4c2e0731ca,1c56c963befbd5c6dd84853bafd84fa5f84f734ebdd3e148ab773c184fff1b91,101,22,0
postgresql,org.idempiere.test.JourneySupport,transaction,(Ljava/lang/String;Lorg/idempiere/test/JourneySupport$TransactionBody;)Ljava/lang/Object;,support,support,,BOUND-MATCH,True,6118,84ba2ff81c898a75bf7276438bfa53225ed1a25c6ee9260b7593cc4c2e0731ca,7233e61100dafa59eda61edf90a90fe764e5ab5c1d7404b58fad0a3a77a7345f,268,3,2
postgresql,org.idempiere.test.LightyearOperationsTest,action,(Lorg/compiere/model/PO;Ljava/lang/String;)V,candidate,candidate,,BOUND-MATCH,True,6118,aa5d78e35e6c0bda00e12e8f5fd39690b36b7400d929ba5c11b6c5c5aae8c164,b8781d42c8c7c9af3b141a39c9299e32926744718b61f2a1b6c351913365cbff,26,193,0
postgresql,org.idempiere.test.LightyearOperationsTest,complete,(Ljava/lang/String;Lorg/compiere/model/PO;)V,candidate,candidate,,BOUND-MATCH,True,6118,aa5d78e35e6c0bda00e12e8f5fd39690b36b7400d929ba5c11b6c5c5aae8c164,b759bc9087beb3ceba912eae465521be9d22ef634288062693e0f374b5eb2aba,26,127,0
postgresql,org.idempiere.test.LightyearOperationsTest,lambda$1,(Ljava/util/Properties;Lorg/compiere/model/MBPartner;Ljava/lang/String;)Ljava/lang/Object;,candidate,candidate,,BOUND-MATCH,True,6118,aa5d78e35e6c0bda00e12e8f5fd39690b36b7400d929ba5c11b6c5c5aae8c164,8d11973b2750330a2dc7b51d4fa7626ae840c5deb2125f8da52f7a0f4d20ccbb,268,1,0
postgresql,org.idempiere.test.LightyearOperationsTest,operationsJourney,()V,candidate,candidate,,BOUND-MATCH,True,6118,aa5d78e35e6c0bda00e12e8f5fd39690b36b7400d929ba5c11b6c5c5aae8c164,241dfbb0cea76f872c76a15fb7819185d5016e226c8178d84ba948159b5e9c0a,2,271,0
postgresql,org.idempiere.test.LightyearOperationsTest,post,(Lorg/compiere/model/PO;[Lorg/compiere/model/MAcctSchema;)V,candidate,candidate,,BOUND-MATCH,True,6118,aa5d78e35e6c0bda00e12e8f5fd39690b36b7400d929ba5c11b6c5c5aae8c164,f2a1d59021fd69978185a27e5ad9c1a963c151076fbdaee1c126e016a9ec2bd4,101,22,0
postgresql,org.idempiere.test.LightyearOperationsTest,postAllocations,(Ljava/util/Properties;ILjava/lang/String;[Lorg/compiere/model/MAcctSchema;)V,candidate,candidate,,BOUND-MATCH,True,6118,aa5d78e35e6c0bda00e12e8f5fd39690b36b7400d929ba5c11b6c5c5aae8c164,06db56ea1b3c1b6301956aed990ee62ef4b1c807792edb1cdf8527ba44bdf0ab,258,6,0
postgresql,org.idempiere.test.LightyearOperationsTest,recovery,(Ljava/util/Properties;Lorg/compiere/model/MBPartner;)V,candidate,candidate,,BOUND-MATCH,True,6118,aa5d78e35e6c0bda00e12e8f5fd39690b36b7400d929ba5c11b6c5c5aae8c164,c2c21b6998df152fbf27d4fc730115a985c9f3ece90a33d368d992c64a13f70a,268,3,1
postgresql,org.idempiere.test.LightyearOperationsTest$$Lambda/0x0000772a049d0a80,run,(Ljava/lang/String;)Ljava/lang/Object;,generated/hidden,candidate,lambda/hidden-name,UNBOUND,True,6118,0505b8d18d355d522c6e0b296f880d4dd3f28fb2cedfb17de49440ae0e4e3883,56191993575c635aa09718dffa9c6e7ea6e6fe790173bddd72a828f683f8afc6,268,1,0
postgresql,org.junit.jupiter.engine.descriptor.TestMethodTestDescriptor,execute,(Lorg/junit/jupiter/engine/execution/JupiterEngineExecutionContext;Lorg/junit/platform/engine/support/hierarchical/Node$DynamicTestExecutor;)Lorg/junit/jupiter/engine/execution/JupiterEngineExecutionContext;,OSGi/Tycho/JUnit framework,OSGi/Tycho/JUnit framework,,BOUND-MATCH,True,5193,cd41deed0f3da55604f480c6e3e0aa437ebdf683223f4e574bfcc65c2035e4af,80b14d2d0e2877ffabe18a04e83a6714043cd6d8086e86a1ad804ab8275d8946,2,271,0
postgresql,org.junit.jupiter.engine.descriptor.TestMethodTestDescriptor,execute,(Lorg/junit/platform/engine/support/hierarchical/EngineExecutionContext;Lorg/junit/platform/engine/support/hierarchical/Node$DynamicTestExecutor;)Lorg/junit/platform/engine/support/hierarchical/EngineExecutionContext;,OSGi/Tycho/JUnit framework,OSGi/Tycho/JUnit framework,,BOUND-MATCH,True,5193,cd41deed0f3da55604f480c6e3e0aa437ebdf683223f4e574bfcc65c2035e4af,83ebeb0a1acd7ac044cefe89574da601af8f58019add387236767723f76d72df,2,271,0
postgresql,org.junit.jupiter.engine.descriptor.TestMethodTestDescriptor,invokeTestMethod,(Lorg/junit/jupiter/engine/execution/JupiterEngineExecutionContext;Lorg/junit/platform/engine/support/hierarchical/Node$DynamicTestExecutor;)V,OSGi/Tycho/JUnit framework,OSGi/Tycho/JUnit framework,,BOUND-MATCH,True,5193,cd41deed0f3da55604f480c6e3e0aa437ebdf683223f4e574bfcc65c2035e4af,dabaa29b2de2b8cd20f5747ba1ef5f77713e17f2985d026b4095596efad1b0c0,2,271,0
postgresql,org.junit.jupiter.engine.descriptor.TestMethodTestDescriptor,lambda$invokeTestMethod$7,(Lorg/junit/jupiter/api/extension/ExtensionContext;Lorg/junit/jupiter/engine/execution/JupiterEngineExecutionContext;)V,OSGi/Tycho/JUnit framework,OSGi/Tycho/JUnit framework,,BOUND-MATCH,True,5193,cd41deed0f3da55604f480c6e3e0aa437ebdf683223f4e574bfcc65c2035e4af,388683a1d37460f794c6b3e8c4809dc3f04789ce97e4c0abd650e87c6cab23be,2,271,0
postgresql,org.junit.jupiter.engine.descriptor.TestMethodTestDescriptor$$Lambda/0x0000772a045ff3a8,apply,(Lorg/junit/jupiter/api/extension/InvocationInterceptor;Lorg/junit/jupiter/api/extension/InvocationInterceptor$Invocation;Lorg/junit/jupiter/api/extension/ReflectiveInvocationContext;Lorg/junit/jupiter/api/extension/ExtensionContext;)V,generated/hidden,OSGi/Tycho/JUnit framework,lambda/hidden-name,UNBOUND,True,5193,c58c1a421c6756c1921715dd7b281d5e8745f5670fbda780659331ebcdbbafc1,c67d79a587ebbebcbee266796e51dad7c8ccdc919d01d83c20b47a9fcd34b79f,2,271,0
postgresql,org.junit.jupiter.engine.descriptor.TestMethodTestDescriptor$$Lambda/0x0000772a04999370,execute,()V,generated/hidden,OSGi/Tycho/JUnit framework,lambda/hidden-name,UNBOUND,True,5193,911ab2db90025a8639dd62cb5ff51fa9d1cd4920c1a7e3b4af34572b9c328852,ba8e8603a1fabfa00f65d8ec24e3252e7e838f7a5289a13c13679585d6c6d68f,2,271,0
postgresql,org.junit.jupiter.engine.execution.InterceptingExecutableInvoker,invoke,(Ljava/lang/reflect/Method;Ljava/lang/Object;Lorg/junit/jupiter/api/extension/ExtensionContext;Lorg/junit/jupiter/engine/extension/ExtensionRegistry;Lorg/junit/jupiter/engine/execution/InterceptingExecutableInvoker$ReflectiveInterceptorCall;)Ljava/lang/Object;,OSGi/Tycho/JUnit framework,OSGi/Tycho/JUnit framework,,BOUND-MATCH,True,5193,085d2b2e1497f6005cc655703aaf52d7bebb829ad58861df96aaca138106c18d,cdf54a5cb6bbe7d4f7f2bab4256bc574f4396a9664038046eec629ffe1f648f8,2,271,0
postgresql,org.junit.jupiter.engine.execution.InterceptingExecutableInvoker,invoke,(Lorg/junit/jupiter/api/extension/InvocationInterceptor$Invocation;Lorg/junit/jupiter/api/extension/ReflectiveInvocationContext;Lorg/junit/jupiter/api/extension/ExtensionContext;Lorg/junit/jupiter/engine/extension/ExtensionRegistry;Lorg/junit/jupiter/engine/execution/InterceptingExecutableInvoker$ReflectiveInterceptorCall;)Ljava/lang/Object;,OSGi/Tycho/JUnit framework,OSGi/Tycho/JUnit framework,,BOUND-MATCH,True,5193,085d2b2e1497f6005cc655703aaf52d7bebb829ad58861df96aaca138106c18d,85a32a1e342919fa7d44f1f9a067d9532aace571a95685919e98a2d9f2ab0892,2,271,0
postgresql,org.junit.jupiter.engine.execution.InterceptingExecutableInvoker,lambda$invoke$0,(Lorg/junit/jupiter/engine/execution/InterceptingExecutableInvoker$ReflectiveInterceptorCall;Lorg/junit/jupiter/api/extension/ReflectiveInvocationContext;Lorg/junit/jupiter/api/extension/ExtensionContext;Lorg/junit/jupiter/api/extension/InvocationInterceptor;Lorg/junit/jupiter/api/extension/InvocationInterceptor$Invocation;)Ljava/lang/Object;,OSGi/Tycho/JUnit framework,OSGi/Tycho/JUnit framework,,BOUND-MATCH,True,5193,085d2b2e1497f6005cc655703aaf52d7bebb829ad58861df96aaca138106c18d,c8689000f03d75398a4f1f3ffe08ff8da873f9c5b0f15043d3c4874c652ed625,2,271,0
postgresql,org.junit.jupiter.engine.execution.InterceptingExecutableInvoker$$Lambda/0x0000772a04689e38,apply,(Lorg/junit/jupiter/api/extension/InvocationInterceptor;Lorg/junit/jupiter/api/extension/InvocationInterceptor$Invocation;)Ljava/lang/Object;,generated/hidden,OSGi/Tycho/JUnit framework,lambda/hidden-name,UNBOUND,True,5193,e9a5a8ec6493613c0d1392bd4cff651021e4783691282bf532e74effefba1e12,0bfe97459aafd15781806976931de7127aff4f8c5d5c0a9e63526412808fa091,2,271,0
postgresql,org.junit.jupiter.engine.execution.InterceptingExecutableInvoker$ReflectiveInterceptorCall,lambda$ofVoidMethod$0,(Lorg/junit/jupiter/engine/execution/InterceptingExecutableInvoker$ReflectiveInterceptorCall$VoidMethodInterceptorCall;Lorg/junit/jupiter/api/extension/InvocationInterceptor;Lorg/junit/jupiter/api/extension/InvocationInterceptor$Invocation;Lorg/junit/jupiter/api/extension/ReflectiveInvocationContext;Lorg/junit/jupiter/api/extension/ExtensionContext;)Ljava/lang/Void;,OSGi/Tycho/JUnit framework,OSGi/Tycho/JUnit framework,,BOUND-MATCH,True,5193,e9a1a8d169c95f9b777b32b7f6f8d166c049e397570318aa05738c69e94422f3,45351b9ef2f615ef6014a5b34378a4ecb472cc57c400fb003fbee67c7440f40e,2,271,0
postgresql,org.junit.jupiter.engine.execution.InterceptingExecutableInvoker$ReflectiveInterceptorCall$$Lambda/0x0000772a045ff7c8,apply,(Lorg/junit/jupiter/api/extension/InvocationInterceptor;Lorg/junit/jupiter/api/extension/InvocationInterceptor$Invocation;Lorg/junit/jupiter/api/extension/ReflectiveInvocationContext;Lorg/junit/jupiter/api/extension/ExtensionContext;)Ljava/lang/Object;,generated/hidden,OSGi/Tycho/JUnit framework,lambda/hidden-name,UNBOUND,True,5193,934c14caf16d4c6515168382e626ca0962eeea084252893d1d87d2cb27c5c35b,04eb88786c1044daeb70e88660b1a12cd4a83b7b960036c67dd999a4a01b5768,2,271,0
postgresql,org.junit.jupiter.engine.execution.InvocationInterceptorChain,chainAndInvoke,(Lorg/junit/jupiter/api/extension/InvocationInterceptor$Invocation;Lorg/junit/jupiter/engine/execution/InvocationInterceptorChain$InterceptorCall;Ljava/util/List;)Ljava/lang/Object;,OSGi/Tycho/JUnit framework,OSGi/Tycho/JUnit framework,,BOUND-MATCH,True,5193,c1f6972d03a4a40c13fcabfb16439c9d02298c5350bff5d3909019615b89f6c6,153c6779c3df9854d61dee7e6f8451f4e61fcba4d2d4976ca8cdb19f22e4c915,2,271,0
postgresql,org.junit.jupiter.engine.execution.InvocationInterceptorChain,invoke,(Lorg/junit/jupiter/api/extension/InvocationInterceptor$Invocation;Lorg/junit/jupiter/engine/extension/ExtensionRegistry;Lorg/junit/jupiter/engine/execution/InvocationInterceptorChain$InterceptorCall;)Ljava/lang/Object;,OSGi/Tycho/JUnit framework,OSGi/Tycho/JUnit framework,,BOUND-MATCH,True,5193,c1f6972d03a4a40c13fcabfb16439c9d02298c5350bff5d3909019615b89f6c6,18c314ed0f0e6d3c95e33f256f0ca8fdae28a75966470f663dece3c7fcf5fbcb,2,271,0
postgresql,org.junit.jupiter.engine.execution.InvocationInterceptorChain,proceed,(Lorg/junit/jupiter/api/extension/InvocationInterceptor$Invocation;)Ljava/lang/Object;,OSGi/Tycho/JUnit framework,OSGi/Tycho/JUnit framework,,BOUND-MATCH,True,5193,c1f6972d03a4a40c13fcabfb16439c9d02298c5350bff5d3909019615b89f6c6,9d41e4294c2df79ea78109baa5cd2a48378b41fdd9e74d50762285ea26c909f5,2,271,0
postgresql,org.junit.jupiter.engine.execution.InvocationInterceptorChain$InterceptedInvocation,proceed,()Ljava/lang/Object;,OSGi/Tycho/JUnit framework,OSGi/Tycho/JUnit framework,,BOUND-MATCH,True,5193,5efd229b6b23443b48cc3687b747e74c8e35e342ac9b765e8bd134294139747d,8ebe39587d428ba63fb2900fe755af97ac0cce780f91e769ca9f27f2b99f6eb1,2,271,0
postgresql,org.junit.jupiter.engine.execution.InvocationInterceptorChain$ValidatingInvocation,proceed,()Ljava/lang/Object;,OSGi/Tycho/JUnit framework,OSGi/Tycho/JUnit framework,,BOUND-MATCH,True,5193,f392f41f42fbb571f4cc638fef8a64c1b2e7c9254e47d2b25798f47ba704492f,d9ac0fe6ca4721c3c629c03b10dd0d30129a093d548cdbce31403fdc237d57ed,2,271,0
postgresql,org.junit.jupiter.engine.execution.MethodInvocation,proceed,()Ljava/lang/Object;,OSGi/Tycho/JUnit framework,OSGi/Tycho/JUnit framework,,BOUND-MATCH,True,5193,c11adef39a9b86ca73d77e4999dce063b6ed1e73b9ffc5aae545fc21519ca01b,27ab4cb1e98e5d6447c307c12b6eb9ddb8400c5d37043f4f2ea2d776f85d5aed,2,271,0
postgresql,org.junit.jupiter.engine.extension.TimeoutExtension,intercept,(Lorg/junit/jupiter/api/extension/InvocationInterceptor$Invocation;Lorg/junit/jupiter/api/extension/ReflectiveInvocationContext;Lorg/junit/jupiter/api/extension/ExtensionContext;Lorg/junit/jupiter/engine/extension/TimeoutDuration;Lorg/junit/jupiter/engine/extension/TimeoutExtension$TimeoutProvider;)Ljava/lang/Object;,OSGi/Tycho/JUnit framework,OSGi/Tycho/JUnit framework,,BOUND-MATCH,True,5193,00e9f76bf978324e34bfeaee974778715a434231f73a9f9b3eb5f600df7e7af9,8cdd1a3bde543e55a98a354e21b7856fd14dd0088aec7fe47bb777ea0927e1c9,2,271,0
postgresql,org.junit.jupiter.engine.extension.TimeoutExtension,interceptTestMethod,(Lorg/junit/jupiter/api/extension/InvocationInterceptor$Invocation;Lorg/junit/jupiter/api/extension/ReflectiveInvocationContext;Lorg/junit/jupiter/api/extension/ExtensionContext;)V,OSGi/Tycho/JUnit framework,OSGi/Tycho/JUnit framework,,BOUND-MATCH,True,5193,00e9f76bf978324e34bfeaee974778715a434231f73a9f9b3eb5f600df7e7af9,78686338d996548d84b5a43c8eb71a5bacc429d73fc4a95f19bd910fbe932056,2,271,0
postgresql,org.junit.jupiter.engine.extension.TimeoutExtension,interceptTestableMethod,(Lorg/junit/jupiter/api/extension/InvocationInterceptor$Invocation;Lorg/junit/jupiter/api/extension/ReflectiveInvocationContext;Lorg/junit/jupiter/api/extension/ExtensionContext;Lorg/junit/jupiter/engine/extension/TimeoutExtension$TimeoutProvider;)Ljava/lang/Object;,OSGi/Tycho/JUnit framework,OSGi/Tycho/JUnit framework,,BOUND-MATCH,True,5193,00e9f76bf978324e34bfeaee974778715a434231f73a9f9b3eb5f600df7e7af9,01604b2cb52fb1613f3f88fbe754d80053168c79f9d1ce1b0278ae59a2dca93c,2,271,0
postgresql,org.junit.platform.commons.util.ReflectionUtils,invokeMethod,(Ljava/lang/reflect/Method;Ljava/lang/Object;[Ljava/lang/Object;)Ljava/lang/Object;,OSGi/Tycho/JUnit framework,OSGi/Tycho/JUnit framework,,BOUND-MATCH,True,5193,5b90644b3eb9ab090593d221f8b1ead5beb8b1a91fa92e0b9564331847957fe2,cbb5d569ad062b12eb7e5b3708c3f3d865757c3aa32aa6c6fbfd3c223ff1af3e,2,271,0
postgresql,org.junit.platform.engine.support.hierarchical.HierarchicalTestEngine,execute,(Lorg/junit/platform/engine/ExecutionRequest;)V,OSGi/Tycho/JUnit framework,OSGi/Tycho/JUnit framework,,BOUND-BUT-MISMATCH,True,5193,b6eb2698546644b688cf9fc195a7445dff77fea21a0de5125e5f929440e14411,4e8ecde35f3bcd89eb803b85bd50021fa3c61b7b9ea4394e7c2d78883072252d,2,272,0
postgresql,org.junit.platform.engine.support.hierarchical.HierarchicalTestExecutor,execute,()Ljava/util/concurrent/Future;,OSGi/Tycho/JUnit framework,OSGi/Tycho/JUnit framework,,BOUND-MATCH,True,5193,87c6afcd267c6389062e0b1d9e83909e0e055137678f3dd4d33d3093b57bcbe1,42a56c1c11a22efde3d8105901db1bb415b1f82eeededd2cdf8f085983c7efe5,2,272,0
postgresql,org.junit.platform.engine.support.hierarchical.Node,around,(Lorg/junit/platform/engine/support/hierarchical/EngineExecutionContext;Lorg/junit/platform/engine/support/hierarchical/Node$Invocation;)V,OSGi/Tycho/JUnit framework,OSGi/Tycho/JUnit framework,,BOUND-MATCH,True,5193,3ed0a782790b27e93fa33d4c2f0f763b3bafcd00860a74d6293587e1c94817ee,e78cbcf69738f93b109dad181bd4c91b01f9107bc3605673b7e681362a7973f5,2,815,0
postgresql,org.junit.platform.engine.support.hierarchical.NodeTestTask,execute,()V,OSGi/Tycho/JUnit framework,OSGi/Tycho/JUnit framework,,BOUND-MATCH,True,5193,e6e7895e1624bfcbfbfe8017d6e51dd17fbafd3233e4b1e7758705cd79a7aa11,7a361ec32defccfdfa9551704a863853ebf48fef842d5d786bfe826975369fa7,2,816,0
postgresql,org.junit.platform.engine.support.hierarchical.NodeTestTask,executeRecursively,()V,OSGi/Tycho/JUnit framework,OSGi/Tycho/JUnit framework,,BOUND-MATCH,True,5193,e6e7895e1624bfcbfbfe8017d6e51dd17fbafd3233e4b1e7758705cd79a7aa11,5ea29ccf7db69934fbcb7574ee684bfb0a997b536722b47dd9487c1fab9c24ae,2,815,0
postgresql,org.junit.platform.engine.support.hierarchical.NodeTestTask,lambda$executeRecursively$6,()V,OSGi/Tycho/JUnit framework,OSGi/Tycho/JUnit framework,,BOUND-MATCH,True,5193,e6e7895e1624bfcbfbfe8017d6e51dd17fbafd3233e4b1e7758705cd79a7aa11,528717e729ad1a7ecd78ca00a1110c13045d3e21203d2f985aa84e7ef6886282,2,815,0
postgresql,org.junit.platform.engine.support.hierarchical.NodeTestTask,lambda$executeRecursively$8,(Lorg/junit/platform/engine/support/hierarchical/EngineExecutionContext;)V,OSGi/Tycho/JUnit framework,OSGi/Tycho/JUnit framework,,BOUND-MATCH,True,5193,e6e7895e1624bfcbfbfe8017d6e51dd17fbafd3233e4b1e7758705cd79a7aa11,18903f381d082898068ab4a475efe1d1a0a8ba3ecd8d7c768f2aa87680b91eef,2,815,0
postgresql,org.junit.platform.engine.support.hierarchical.NodeTestTask,lambda$executeRecursively$9,()V,OSGi/Tycho/JUnit framework,OSGi/Tycho/JUnit framework,,BOUND-MATCH,True,5193,e6e7895e1624bfcbfbfe8017d6e51dd17fbafd3233e4b1e7758705cd79a7aa11,ba60780b819e5d3856428f6b518c9dc3faa35ecfa680c5b373c30896a17c4294,2,815,0
postgresql,org.junit.platform.engine.support.hierarchical.NodeTestTask,reportCompletion,()V,OSGi/Tycho/JUnit framework,OSGi/Tycho/JUnit framework,,BOUND-MATCH,True,5193,e6e7895e1624bfcbfbfe8017d6e51dd17fbafd3233e4b1e7758705cd79a7aa11,4f703fdf7c4caebcc346f69f53a026c73b775b3707035b04e08bd54bfd843077,273,1,0
postgresql,org.junit.platform.engine.support.hierarchical.NodeTestTask$$Lambda/0x0000772a04620d40,execute,()V,generated/hidden,OSGi/Tycho/JUnit framework,lambda/hidden-name,UNBOUND,True,5193,d8396dc1187ae2af9591eb9379f1a97a34795c1abe2df6834e5c8ecd5e48ff1b,27e495353eb970b302306d3efe2e960eb52eb27c71722e8f3096b437f9cdc8b3,2,815,0
postgresql,org.junit.platform.engine.support.hierarchical.NodeTestTask$$Lambda/0x0000772a04621168,invoke,(Lorg/junit/platform/engine/support/hierarchical/EngineExecutionContext;)V,generated/hidden,OSGi/Tycho/JUnit framework,lambda/hidden-name,UNBOUND,True,5193,8253a86c726bc5d6465563ebc5d6918a148326618aa0c13f39a24ad728df03ad,fafb65770a228314aef440ed259da14a740d40031075c762ada423d254318ada,2,815,0
postgresql,org.junit.platform.engine.support.hierarchical.NodeTestTask$$Lambda/0x0000772a04621390,execute,()V,generated/hidden,OSGi/Tycho/JUnit framework,lambda/hidden-name,UNBOUND,True,5193,5f7c7cf0263ce25008edb1e99f1961dfe9f4d5951e554beecf8dc2d98aaf5cd0,27e495353eb970b302306d3efe2e960eb52eb27c71722e8f3096b437f9cdc8b3,2,815,0
postgresql,org.junit.platform.engine.support.hierarchical.SameThreadHierarchicalTestExecutorService,invokeAll,(Ljava/util/List;)V,OSGi/Tycho/JUnit framework,OSGi/Tycho/JUnit framework,,BOUND-MATCH,True,5193,6b7e2a1be6414859ace71a6db6f125dde7b663e964a42947cedc3083c4a2a5d1,fee08976aeb112fe7b64014c43d1a5b2fb9934a07b96d43c4b66ff62387ad947,2,544,0
postgresql,org.junit.platform.engine.support.hierarchical.SameThreadHierarchicalTestExecutorService,submit,(Lorg/junit/platform/engine/support/hierarchical/HierarchicalTestExecutorService$TestTask;)Ljava/util/concurrent/Future;,OSGi/Tycho/JUnit framework,OSGi/Tycho/JUnit framework,,BOUND-MATCH,True,5193,6b7e2a1be6414859ace71a6db6f125dde7b663e964a42947cedc3083c4a2a5d1,b04dcf374f9f591c43e459b44932d6ee9416d8212f08979f65afe893c5ced03b,2,272,0
postgresql,org.junit.platform.engine.support.hierarchical.SameThreadHierarchicalTestExecutorService$$Lambda/0x0000772a04621ea8,accept,(Ljava/lang/Object;)V,generated/hidden,OSGi/Tycho/JUnit framework,lambda/hidden-name,UNBOUND,True,5193,185ee8833b386b8762f4a63259ad4410c6d8fe2e5770936d99a9a9c24c8677af,9c0c446ebf5616af87a569f22f42c4bb946c5f8a880114d43eeaa1a8cc739315,2,544,0
postgresql,org.junit.platform.engine.support.hierarchical.ThrowableCollector,execute,(Lorg/junit/platform/engine/support/hierarchical/ThrowableCollector$Executable;)V,OSGi/Tycho/JUnit framework,OSGi/Tycho/JUnit framework,,BOUND-MATCH,True,5193,b243ee12d76f42aa714a82b5a3d1a3ab8d799e160a4d67a7e5ffeefb90ed4a2a,cf08cc5805c5835f38661fd2beeae68e44eb44df049ba9bf2c1df633b85681a3,2,1901,0
postgresql,org.junit.platform.launcher.core.CompositeEngineExecutionListener,executionFinished,(Lorg/junit/platform/engine/TestDescriptor;Lorg/junit/platform/engine/TestExecutionResult;)V,OSGi/Tycho/JUnit framework,OSGi/Tycho/JUnit framework,,BOUND-MATCH,True,5193,21587f4f5fb444a53a22f76291f6d7fed9b356b90363f9bd49093fbffd26c9ee,e1185b5e231b77080ee40ac9c50610d3429d572ae6a64f2ad3c8c5edb25fcca7,273,1,0
postgresql,org.junit.platform.launcher.core.CompositeEngineExecutionListener,lambda$executionFinished$6,(Lorg/junit/platform/engine/TestDescriptor;Lorg/junit/platform/engine/TestExecutionResult;Lorg/junit/platform/engine/EngineExecutionListener;)V,OSGi/Tycho/JUnit framework,OSGi/Tycho/JUnit framework,,BOUND-MATCH,True,5193,21587f4f5fb444a53a22f76291f6d7fed9b356b90363f9bd49093fbffd26c9ee,5799a2ee9b7d4acbc6c4b8bd524dd34b83ab4c866b6c22928e3a460469e51c5c,273,1,0
postgresql,org.junit.platform.launcher.core.CompositeEngineExecutionListener,lambda$notifyEach$11,(Ljava/util/function/Consumer;Ljava/util/function/Supplier;Lorg/junit/platform/engine/EngineExecutionListener;)V,OSGi/Tycho/JUnit framework,OSGi/Tycho/JUnit framework,,BOUND-MATCH,True,5193,21587f4f5fb444a53a22f76291f6d7fed9b356b90363f9bd49093fbffd26c9ee,f529893e42dd4d29776697a3bc480152bdab71e4697edba742760ccd6b78bac8,273,1,0
postgresql,org.junit.platform.launcher.core.CompositeEngineExecutionListener,notifyEach,(Ljava/util/List;Ljava/util/function/Consumer;Ljava/util/function/Supplier;)V,OSGi/Tycho/JUnit framework,OSGi/Tycho/JUnit framework,,BOUND-MATCH,True,5193,21587f4f5fb444a53a22f76291f6d7fed9b356b90363f9bd49093fbffd26c9ee,9f451b2df4a4f3f6c0904c5e54893283c153c0ca64e7fcb7717530490bb6b2e5,273,1,0
postgresql,org.junit.platform.launcher.core.CompositeEngineExecutionListener$$Lambda/0x0000772a046198c0,accept,(Ljava/lang/Object;)V,generated/hidden,OSGi/Tycho/JUnit framework,lambda/hidden-name,UNBOUND,True,5193,c9f74e706f8486b15d8b4c5a85964759ce96c5ceb004a8507a7a2d1966d4da97,b6485922f2a5d169be9343141041563b5344bd814cf5641b708c119491585134,273,1,0
postgresql,org.junit.platform.launcher.core.CompositeEngineExecutionListener$$Lambda/0x0000772a04a008b0,accept,(Ljava/lang/Object;)V,generated/hidden,OSGi/Tycho/JUnit framework,lambda/hidden-name,UNBOUND,True,5193,87c9f1f2dc01ae339a06e963878c36db34652e36750070a841f8af539ccb0a64,b6485922f2a5d169be9343141041563b5344bd814cf5641b708c119491585134,273,1,0
postgresql,org.junit.platform.launcher.core.DefaultLauncher,execute,(Lorg/junit/platform/launcher/LauncherDiscoveryRequest;[Lorg/junit/platform/launcher/TestExecutionListener;)V,OSGi/Tycho/JUnit framework,OSGi/Tycho/JUnit framework,,BOUND-MATCH,True,5193,c041a3fdefe5ef674de613544a0103bdfb1bbe6ad5b6fe0846fb8699c3d06cf6,71007ba88acc3b4cad2edbe5f3c12290540e5b04fd3cacc5423aa3beba15ad9c,2,272,0
postgresql,org.junit.platform.launcher.core.DefaultLauncher,execute,(Lorg/junit/platform/launcher/core/InternalTestPlan;[Lorg/junit/platform/launcher/TestExecutionListener;)V,OSGi/Tycho/JUnit framework,OSGi/Tycho/JUnit framework,,BOUND-MATCH,True,5193,c041a3fdefe5ef674de613544a0103bdfb1bbe6ad5b6fe0846fb8699c3d06cf6,97af2b17b16d0961c273f55d2fcf879c8c8ea7f91e08a96b5bef6ecc9af35311,2,272,0
postgresql,org.junit.platform.launcher.core.DefaultLauncherSession$DelegatingLauncher,execute,(Lorg/junit/platform/launcher/LauncherDiscoveryRequest;[Lorg/junit/platform/launcher/TestExecutionListener;)V,OSGi/Tycho/JUnit framework,OSGi/Tycho/JUnit framework,,BOUND-MATCH,True,5193,a7ad3557eae57953bdc4719835d7c4d4e01880754c96f1133f915a6721bc9332,a2a6a9834822c1fca95937eafc601a39e70c0ccd3e7f3ffac3a5ef67ed3aebfd,2,272,0
postgresql,org.junit.platform.launcher.core.DelegatingEngineExecutionListener,executionFinished,(Lorg/junit/platform/engine/TestDescriptor;Lorg/junit/platform/engine/TestExecutionResult;)V,OSGi/Tycho/JUnit framework,OSGi/Tycho/JUnit framework,,BOUND-MATCH,True,5193,affcc24a91789e5beaac07b2a714d0fdaff2dcb416c0643bc60b3e153810b12a,4dd682502b71643ecec413a77aed1f4d3f4c6814d1959ffa866204f2dfad85a2,273,1,0
postgresql,org.junit.platform.launcher.core.EngineExecutionOrchestrator,execute,(Lorg/junit/platform/engine/TestDescriptor;Lorg/junit/platform/engine/EngineExecutionListener;Lorg/junit/platform/engine/ConfigurationParameters;Lorg/junit/platform/engine/TestEngine;)V,OSGi/Tycho/JUnit framework,OSGi/Tycho/JUnit framework,,BOUND-MATCH,True,5193,adbd636446942ee3f1f2706a3624410487bcc11a1e9dfe494415e3b0f3888bf3,b222ab7771da9f6630264e47de98b3a2a207821e5173b6bd931273a2ec973a38,2,272,0
postgresql,org.junit.platform.launcher.core.EngineExecutionOrchestrator,execute,(Lorg/junit/platform/launcher/core/InternalTestPlan;Lorg/junit/platform/engine/EngineExecutionListener;Lorg/junit/platform/launcher/TestExecutionListener;)V,OSGi/Tycho/JUnit framework,OSGi/Tycho/JUnit framework,,BOUND-MATCH,True,5193,adbd636446942ee3f1f2706a3624410487bcc11a1e9dfe494415e3b0f3888bf3,2febcc3598a2416c17a10fed029ce99be4f4175cd08fb259d895525447ba5c8d,2,272,0
postgresql,org.junit.platform.launcher.core.EngineExecutionOrchestrator,execute,(Lorg/junit/platform/launcher/core/InternalTestPlan;[Lorg/junit/platform/launcher/TestExecutionListener;)V,OSGi/Tycho/JUnit framework,OSGi/Tycho/JUnit framework,,BOUND-MATCH,True,5193,adbd636446942ee3f1f2706a3624410487bcc11a1e9dfe494415e3b0f3888bf3,3c33d3332c3c986e1027ea484cc0764b7aa5e282261822994dbeff34dc48b530,2,272,0
postgresql,org.junit.platform.launcher.core.EngineExecutionOrchestrator,execute,(Lorg/junit/platform/launcher/core/LauncherDiscoveryResult;Lorg/junit/platform/engine/EngineExecutionListener;)V,OSGi/Tycho/JUnit framework,OSGi/Tycho/JUnit framework,,BOUND-MATCH,True,5193,adbd636446942ee3f1f2706a3624410487bcc11a1e9dfe494415e3b0f3888bf3,bc0aa6e16df6390047ef4376756c284b0998c54959137a827c3285f96ed5a220,2,272,0
postgresql,org.junit.platform.launcher.core.EngineExecutionOrchestrator,lambda$execute$0,(Lorg/junit/platform/launcher/core/InternalTestPlan;Lorg/junit/platform/launcher/TestExecutionListener;)V,OSGi/Tycho/JUnit framework,OSGi/Tycho/JUnit framework,,BOUND-MATCH,True,5193,adbd636446942ee3f1f2706a3624410487bcc11a1e9dfe494415e3b0f3888bf3,e0540f61f8d2b436b11f344effa6f3b80ddf237fc95f4b6f5045b3e8ac1d4d87,2,272,0
postgresql,org.junit.platform.launcher.core.EngineExecutionOrchestrator,withInterceptedStreams,(Lorg/junit/platform/engine/ConfigurationParameters;Lorg/junit/platform/launcher/core/ListenerRegistry;Ljava/util/function/Consumer;)V,OSGi/Tycho/JUnit framework,OSGi/Tycho/JUnit framework,,BOUND-MATCH,True,5193,adbd636446942ee3f1f2706a3624410487bcc11a1e9dfe494415e3b0f3888bf3,4d77ca97b11970a22d7765b6fc0cf07ada5e6d2d6153fc342951f633da89c0bc,2,272,0
postgresql,org.junit.platform.launcher.core.EngineExecutionOrchestrator$$Lambda/0x0000772a0460f158,accept,(Ljava/lang/Object;)V,generated/hidden,OSGi/Tycho/JUnit framework,lambda/hidden-name,UNBOUND,True,5193,20a02ee6f915b46d275677473fbe91086217d8d59b4e1ad01ea40a028acadf19,85a3e772fe2263a019cf0b4b2c95f1ec0a8ef9615fae97e1e5a5801daa4abd81,2,272,0
postgresql,org.junit.platform.launcher.core.ExecutionListenerAdapter,executionFinished,(Lorg/junit/platform/engine/TestDescriptor;Lorg/junit/platform/engine/TestExecutionResult;)V,OSGi/Tycho/JUnit framework,OSGi/Tycho/JUnit framework,,BOUND-MATCH,True,5193,16f3c5422ce3c93cd0acc12f76297fb8787968a59b2fb1c2eba708c2c2ef7f59,3f2447d3165191a90fe8f2b21cbb75fa91ed0c2f377a5887701e6c96e74236e9,273,1,0
postgresql,org.junit.platform.launcher.core.OutcomeDelayingEngineExecutionListener,executionFinished,(Lorg/junit/platform/engine/TestDescriptor;Lorg/junit/platform/engine/TestExecutionResult;)V,OSGi/Tycho/JUnit framework,OSGi/Tycho/JUnit framework,,BOUND-MATCH,True,5193,57e5a62ff59480d1823dc2e5b9ccdf83a47dd875c0111cd9979ebbf06d320a87,58b9a91c4d95dbcb33da5b9b1825cf60980e9dba7e337c5750c06ec7aae65fc8,273,1,0
postgresql,org.osgi.util.tracker.AbstractTracked,trackAdding,(Ljava/lang/Object;Ljava/lang/Object;)V,OSGi/Tycho/JUnit framework,OSGi/Tycho/JUnit framework,,UNBOUND,False,1144,1f432fec9e2460d3a68454cd0bbe212f867885ddb66b17700baa1c5d7e7c1911,390491db82df2910692b5ece9de3faf8fe503c972a117adb23a6175f58340d47,34,4,0
postgresql,org.osgi.util.tracker.AbstractTracked,trackInitial,()V,OSGi/Tycho/JUnit framework,OSGi/Tycho/JUnit framework,,UNBOUND,False,1144,1f432fec9e2460d3a68454cd0bbe212f867885ddb66b17700baa1c5d7e7c1911,4ef27dbf865e144882d5adb61d60b099463d1137dd308ad0fc992f3ada88f608,34,4,0
postgresql,org.osgi.util.tracker.ServiceTracker,addingService,(Lorg/osgi/framework/ServiceReference;)Ljava/lang/Object;,OSGi/Tycho/JUnit framework,OSGi/Tycho/JUnit framework,,UNBOUND,False,1144,60ce55bc365274795293225c67706c46daa00d076714a65ebd1688b0fdf54dd9,2d4697d89b125ef55d15da8a60b526d0d7f85e593e399bee69e5e20a51bd6e5d,34,4,0
postgresql,org.osgi.util.tracker.ServiceTracker,open,()V,OSGi/Tycho/JUnit framework,OSGi/Tycho/JUnit framework,,UNBOUND,False,1144,60ce55bc365274795293225c67706c46daa00d076714a65ebd1688b0fdf54dd9,b791c2365a75b9178c5ab85750742e401765ff8cda4a26e0a6c12ed0b2ae7cea,34,4,0
postgresql,org.osgi.util.tracker.ServiceTracker,open,(Z)V,OSGi/Tycho/JUnit framework,OSGi/Tycho/JUnit framework,,UNBOUND,False,1144,60ce55bc365274795293225c67706c46daa00d076714a65ebd1688b0fdf54dd9,2af6ae8a47f98fb0df1ea3f0e0cd211799f169086e79336f19e624ee9666c3a8,34,4,0
postgresql,org.osgi.util.tracker.ServiceTracker$Tracked,customizerAdding,(Ljava/lang/Object;Ljava/lang/Object;)Ljava/lang/Object;,OSGi/Tycho/JUnit framework,OSGi/Tycho/JUnit framework,,UNBOUND,False,1144,3e2ef8e5e72fb3ff0b749e23462af4a409035e65b662fed08c28e0bed866c34f,17f5b825d8101b46cc61381e91de46c8e1bdba3bf43f4113ad6be53d8f47b963,34,4,0
postgresql,org.osgi.util.tracker.ServiceTracker$Tracked,customizerAdding,(Lorg/osgi/framework/ServiceReference;Lorg/osgi/framework/ServiceEvent;)Ljava/lang/Object;,OSGi/Tycho/JUnit framework,OSGi/Tycho/JUnit framework,,UNBOUND,False,1144,3e2ef8e5e72fb3ff0b749e23462af4a409035e65b662fed08c28e0bed866c34f,fee45e92d2c9137ff7a140fcf7b7806d8cac155d0a6afd2f5935150274323dca,34,4,0
postgresql,org.postgresql.jdbc.PgResultSet,findColumn,(Ljava/lang/String;)I,other dependency,other dependency,,UNBOUND,False,6396,e63fb8019f1d6eb8896f9490ed3c4642632007a8b627c2f1ee65665a5f9b3efb,2be143042952823570e7681543bf6591e61e057ae5f26c43880cbeb8c09b26c0,6,88,0
postgresql,org.postgresql.jdbc.PgResultSet,getString,(Ljava/lang/String;)Ljava/lang/String;,other dependency,other dependency,,UNBOUND,False,6396,e63fb8019f1d6eb8896f9490ed3c4642632007a8b627c2f1ee65665a5f9b3efb,3cfd87d10ce011db49e83698118bd6c0eee7a47178993eeaeed97e171c336c9d,6,88,0
postgresql,org.postgresql.util.GT,<clinit>,()V,other dependency,other dependency,,UNBOUND,False,6396,e9e0684994b4e5b62a9c3d65c5d3d6d8d8eeed3301ada60a9f54a22672a4fc8b,96cfd3e8bbd63c4016206c9e227b1ca59656fe668ea26625c19c7b94fda244a9,6,7,0
postgresql,org.postgresql.util.GT,<init>,()V,other dependency,other dependency,,UNBOUND,False,6396,e9e0684994b4e5b62a9c3d65c5d3d6d8d8eeed3301ada60a9f54a22672a4fc8b,65be9a3191665cee8952233e4b16d899e05e748e0ea69d7f9d7ab8d15d74376d,6,7,1
